-- MySQL dump 10.13  Distrib 8.0.36, for Win64 (x86_64)
--
-- Host: localhost    Database: hrdb2019
-- ------------------------------------------------------
-- Server version	8.0.37

/*!40101 SET @OLD_CHARACTER_SET_CLIENT=@@CHARACTER_SET_CLIENT */;
/*!40101 SET @OLD_CHARACTER_SET_RESULTS=@@CHARACTER_SET_RESULTS */;
/*!40101 SET @OLD_COLLATION_CONNECTION=@@COLLATION_CONNECTION */;
/*!50503 SET NAMES utf8 */;
/*!40103 SET @OLD_TIME_ZONE=@@TIME_ZONE */;
/*!40103 SET TIME_ZONE='+00:00' */;
/*!40014 SET @OLD_UNIQUE_CHECKS=@@UNIQUE_CHECKS, UNIQUE_CHECKS=0 */;
/*!40014 SET @OLD_FOREIGN_KEY_CHECKS=@@FOREIGN_KEY_CHECKS, FOREIGN_KEY_CHECKS=0 */;
/*!40101 SET @OLD_SQL_MODE=@@SQL_MODE, SQL_MODE='NO_AUTO_VALUE_ON_ZERO' */;
/*!40111 SET @OLD_SQL_NOTES=@@SQL_NOTES, SQL_NOTES=0 */;

--
-- Table structure for table `category`
--

DROP TABLE IF EXISTS `category`;
/*!40101 SET @saved_cs_client     = @@character_set_client */;
/*!50503 SET character_set_client = utf8mb4 */;
CREATE TABLE `category` (
  `cid` int NOT NULL AUTO_INCREMENT,
  `name` varchar(30) NOT NULL,
  `bg_color` char(7) NOT NULL,
  `img_path` varchar(100) NOT NULL,
  PRIMARY KEY (`cid`)
) ENGINE=InnoDB AUTO_INCREMENT=6 DEFAULT CHARSET=utf8mb4 COLLATE=utf8mb4_0900_ai_ci;
/*!40101 SET character_set_client = @saved_cs_client */;

--
-- Dumping data for table `category`
--

LOCK TABLES `category` WRITE;
/*!40000 ALTER TABLE `category` DISABLE KEYS */;
INSERT INTO `category` VALUES (1,'공예','#9d9690','uploads\\category\\1720016485209_making.jpg'),(2,'노래','#33596e','uploads\\category\\1720703727415_singing.jpg'),(3,'드로잉','#53534e','uploads\\category\\1720616997157_drawing.jpg'),(4,'쿠킹','#de9d54','uploads\\category\\1720429954109_cooking.jpg');
/*!40000 ALTER TABLE `category` ENABLE KEYS */;
UNLOCK TABLES;

--
-- Table structure for table `category_sub`
--

DROP TABLE IF EXISTS `category_sub`;
/*!40101 SET @saved_cs_client     = @@character_set_client */;
/*!50503 SET character_set_client = utf8mb4 */;
CREATE TABLE `category_sub` (
  `csid` int NOT NULL,
  `cid` int DEFAULT NULL,
  `name` varchar(30) DEFAULT NULL,
  PRIMARY KEY (`csid`),
  KEY `mid_id` (`cid`),
  CONSTRAINT `category_sub_ibfk_1` FOREIGN KEY (`cid`) REFERENCES `category` (`cid`)
) ENGINE=InnoDB DEFAULT CHARSET=utf8mb4 COLLATE=utf8mb4_0900_ai_ci;
/*!40101 SET character_set_client = @saved_cs_client */;

--
-- Dumping data for table `category_sub`
--

LOCK TABLES `category_sub` WRITE;
/*!40000 ALTER TABLE `category_sub` DISABLE KEYS */;
INSERT INTO `category_sub` VALUES (1,1,'플라워'),(2,1,'도예'),(3,1,'가죽'),(4,1,'캔들/비누'),(5,2,'노래교실'),(6,2,'보컬트레이닝'),(7,2,'성악'),(8,2,'기타'),(9,3,'유화'),(10,3,'마카'),(11,3,'색연필'),(12,3,'수채화'),(13,4,'한식'),(14,4,'일식/중식'),(15,4,'양식'),(16,4,'다이어트');
/*!40000 ALTER TABLE `category_sub` ENABLE KEYS */;
UNLOCK TABLES;

--
-- Table structure for table `course`
--

DROP TABLE IF EXISTS `course`;
/*!40101 SET @saved_cs_client     = @@character_set_client */;
/*!50503 SET character_set_client = utf8mb4 */;
CREATE TABLE `course` (
  `course_id` int NOT NULL AUTO_INCREMENT,
  `status` varchar(10) NOT NULL DEFAULT '접수중',
  `loc_id` int NOT NULL,
  `csid` int NOT NULL,
  `course_img` varchar(200) NOT NULL,
  `course_name` varchar(100) NOT NULL,
  `course_summary` varchar(500) DEFAULT NULL,
  `course_content` text,
  `course_note` varchar(5000) DEFAULT NULL,
  `course_schedule` varchar(5000) DEFAULT NULL,
  `teacher_name` varchar(20) NOT NULL,
  `course_start` date NOT NULL,
  `course_end` date NOT NULL,
  `course_week` char(2) NOT NULL,
  `start_time` time NOT NULL,
  `end_time` time NOT NULL,
  `num_of_course` int NOT NULL,
  `num_of_people` int NOT NULL,
  `price` int NOT NULL,
  `apply_start` date NOT NULL,
  `apply_end` date NOT NULL,
  `reg_date` datetime NOT NULL,
  PRIMARY KEY (`course_id`),
  KEY `fk_course_loc_id` (`loc_id`),
  KEY `fk_course_csid` (`csid`),
  CONSTRAINT `fk_course_csid` FOREIGN KEY (`csid`) REFERENCES `category_sub` (`csid`),
  CONSTRAINT `fk_course_loc_id` FOREIGN KEY (`loc_id`) REFERENCES `location` (`loc_id`)
) ENGINE=InnoDB AUTO_INCREMENT=55 DEFAULT CHARSET=utf8mb4 COLLATE=utf8mb4_0900_ai_ci;
/*!40101 SET character_set_client = @saved_cs_client */;

--
-- Dumping data for table `course`
--

LOCK TABLES `course` WRITE;
/*!40000 ALTER TABLE `course` DISABLE KEYS */;
INSERT INTO `course` VALUES (1,'접수중',1,13,'uploads\\course\\1721008020873_cooking_001.jpeg','[5주] 10:30 배쌤의 맛깔난 집밥 요리비결 B','배혜숙 관광경영학 박사, 조리기능사 필,실기 저자 및 감독관','<div class=\"info_img_txt\">\n									<p style=\"font-family: NotoSans_Regular, \'맑은 고딕\', \'Malgun Gothic\', sans-serif; font-size: 18px; background-color: rgb(253, 250, 247); text-align: center;\"><img src=\"https://culture.lotteshopping.com/editor/images/000007/7JqU66asX+2VnOyLnTE=.jpg\" title=\"\" alt=\"\" class=\"\" style=\"border-width: 0px; border-style: solid; border-color: rgb(0, 0, 0); vertical-align: baseline; width: 236px; height: 236px;\"></p>\n<p style=\"font-family: NotoSans_Regular, \'맑은 고딕\', \'Malgun Gothic\', sans-serif; font-size: 18px; background-color: rgb(253, 250, 247); text-align: center;\"><strong><span style=\"font-size: 18pt; font-family: \'맑은 고딕\'; background-color: rgb(217, 234, 211);\"><br></span></strong></p>\n<p style=\"font-family: NotoSans_Regular, \'맑은 고딕\', \'Malgun Gothic\', sans-serif; font-size: 18px; background-color: rgb(253, 250, 247); text-align: center;\"><strong><span style=\"font-size: 18pt; font-family: \'맑은 고딕\'; background-color: rgb(217, 234, 211);\">한번 배워서 평생 써먹는 특별한 테마요리</span></strong></p>\n<p style=\"font-family: NotoSans_Regular, \'맑은 고딕\', \'Malgun Gothic\', sans-serif; font-size: 18px; background-color: rgb(253, 250, 247); text-align: center;\"><strong><span style=\"font-size: 12pt; font-family: \'맑은 고딕\';\">&nbsp;</span></strong></p>\n<p style=\"font-family: NotoSans_Regular, \'맑은 고딕\', \'Malgun Gothic\', sans-serif; font-size: 18px; background-color: rgb(253, 250, 247); text-align: center;\"><strong><span style=\"font-size: 12pt; font-family: 돋움;\"></span></strong><span style=\"font-family: \'맑은 고딕\';\">&nbsp;</span></p>\n<p style=\"font-family: NotoSans_Regular, \'맑은 고딕\', \'Malgun Gothic\', sans-serif; font-size: 18px; background-color: rgb(253, 250, 247); text-align: center;\"><span style=\"font-size: 14pt; font-family: \'맑은 고딕\'; font-weight: bold;\">강사 : 배혜숙</span></p>\n<p style=\"font-family: NotoSans_Regular, \'맑은 고딕\', \'Malgun Gothic\', sans-serif; font-size: 18px; background-color: rgb(253, 250, 247); text-align: center;\"><span style=\"font-size: 22pt;\"></span><span style=\"font-size: 12pt; font-family: \'맑은 고딕\';\">&nbsp;</span></p>\n<p style=\"font-family: NotoSans_Regular, \'맑은 고딕\', \'Malgun Gothic\', sans-serif; font-size: 18px; background-color: rgb(253, 250, 247); text-align: center;\"><span style=\"font-size: 12pt; font-family: \'맑은 고딕\';\">관광경영학 박사 / 조리기능사 필,실기 저자 및 감독관</span></p>\n<p style=\"font-family: NotoSans_Regular, \'맑은 고딕\', \'Malgun Gothic\', sans-serif; font-size: 18px; background-color: rgb(253, 250, 247); text-align: center;\"><span style=\"font-size: 12pt; font-family: \'맑은 고딕\';\">/ youtube 개인채널 및 블로그운영</span></p>\n<p style=\"font-family: NotoSans_Regular, \'맑은 고딕\', \'Malgun Gothic\', sans-serif; font-size: 18px; background-color: rgb(253, 250, 247); text-align: center;\"><span style=\"font-size: 12pt; font-family: \'맑은 고딕\';\"><br></span></p>\n<p style=\"font-family: NotoSans_Regular, \'맑은 고딕\', \'Malgun Gothic\', sans-serif; font-size: 18px; background-color: rgb(253, 250, 247); text-align: center;\"><span style=\"font-size: 12pt; font-family: \'맑은 고딕\';\"><br></span></p>\n<p style=\"font-family: NotoSans_Regular, \'맑은 고딕\', \'Malgun Gothic\', sans-serif; font-size: 18px; background-color: rgb(253, 250, 247); text-align: center;\"><span style=\"font-size: 12pt; font-family: \'맑은 고딕\';\"><br></span></p>\n<p style=\"line-height: 32.4px; font-family: NotoSans_Regular, \'맑은 고딕\', \'Malgun Gothic\', sans-serif; font-size: 18px; background-color: rgb(253, 250, 247); text-align: center;\"><span style=\"font-weight: bold; font-family: \'맑은 고딕\'; font-size: 12pt;\"><span style=\"font-size: 12pt; background-color: rgb(249, 203, 156);\">3인 1조로 진행</span></span></p>\n<p style=\"line-height: 32.4px; font-family: NotoSans_Regular, \'맑은 고딕\', \'Malgun Gothic\', sans-serif; font-size: 18px; background-color: rgb(253, 250, 247); text-align: center;\"><span style=\"font-family: \'맑은 고딕\'; font-size: 12pt; background-color: rgb(249, 203, 156);\">메뉴에 따라서 조별인원은 달라질 수 있습니다.</span></p>\n<p style=\"line-height: 32.4px; font-family: NotoSans_Regular, \'맑은 고딕\', \'Malgun Gothic\', sans-serif; font-size: 18px; background-color: rgb(253, 250, 247); text-align: center;\"><span style=\"font-family: \'맑은 고딕\'; font-size: 12pt; background-color: rgb(249, 203, 156);\"><br></span></p>\n<p style=\"font-family: NotoSans_Regular, \'맑은 고딕\', \'Malgun Gothic\', sans-serif; font-size: 18px; background-color: rgb(253, 250, 247); text-align: center;\"><span style=\"font-size: 12pt; font-family: \'맑은 고딕\';\"><br></span></p>\n<p style=\"font-family: NotoSans_Regular, \'맑은 고딕\', \'Malgun Gothic\', sans-serif; font-size: 18px; background-color: rgb(253, 250, 247); text-align: center;\"><span style=\"font-size: 12pt; font-family: \'맑은 고딕\';\"><br></span></p>\n<p style=\"font-family: NotoSans_Regular, \'맑은 고딕\', \'Malgun Gothic\', sans-serif; font-size: 18px; background-color: rgb(253, 250, 247); text-align: center;\"><span style=\"font-size: 12pt; font-family: \'맑은 고딕\';\">만든 요리는 포장해갑니다.</span></p>\n<p style=\"font-family: NotoSans_Regular, \'맑은 고딕\', \'Malgun Gothic\', sans-serif; font-size: 18px; background-color: rgb(253, 250, 247); text-align: center;\"><span style=\"font-size: 12pt; font-family: \'맑은 고딕\';\">(밀폐용기 지참)</span></p>\n<p style=\"font-family: NotoSans_Regular, \'맑은 고딕\', \'Malgun Gothic\', sans-serif; font-size: 18px; background-color: rgb(253, 250, 247); text-align: center;\"><span style=\"font-size: 12pt; font-family: \'맑은 고딕\';\"><br></span></p>\n<p style=\"font-family: NotoSans_Regular, \'맑은 고딕\', \'Malgun Gothic\', sans-serif; font-size: 18px; background-color: rgb(253, 250, 247); text-align: center;\"><span style=\"font-size: 12pt; font-family: \'맑은 고딕\';\"><br></span></p>\n<p style=\"font-family: NotoSans_Regular, \'맑은 고딕\', \'Malgun Gothic\', sans-serif; font-size: 18px; background-color: rgb(253, 250, 247); text-align: center;\"><span style=\"font-size: 12pt; font-family: \'맑은 고딕\';\"><br></span></p>\n<p style=\"font-size: 13.3333px; background-color: rgb(253, 250, 247); text-align: center;\"><br></p>\n<h2 style=\"font-family: NotoSans_Regular, \'맑은 고딕\', \'Malgun Gothic\', sans-serif; background-color: rgb(253, 250, 247); text-align: center;\">\n<p><span style=\"font-size: 10pt; font-weight: bold;\">* 특정 성분에 대한 알레르기가 있으신 분들은 반드시 커리큘럼을&nbsp;확인 후 신청바랍니다.</span></p></h2>\n<h2 style=\"font-family: NotoSans_Regular, \'맑은 고딕\', \'Malgun Gothic\', sans-serif; background-color: rgb(253, 250, 247); text-align: center;\"><span style=\"font-weight: bold;\"><span style=\"font-size: 14pt;\"></span><span style=\"font-size: 10pt;\"></span></span>\n<div class=\"msg-item text _compile ng-scope\" style=\"margin: auto; padding: 9px 12px; word-break: break-all; overflow-wrap: normal; outline: 0px; display: inline-block; position: relative; background-clip: border-box; background-color: rgb(243, 243, 243); color: rgb(51, 51, 51); vertical-align: bottom; max-width: calc(100% - 140px); font-size: 0.88rem; font-family: Arial, \'Malgun Gothic\', \'Microsoft JhengHei\', Meiryo, Dotum, sans-serif, fontAwesome; border-radius: 8px; border-color: transparent; text-align: start; left: 0px; top: 19px;\">\n<p style=\"text-align: center;\"><span class=\"msg-text-box able\" style=\"word-break: break-word; outline: 0px; font-size: 14px; line-height: 23px; white-space-collapse: preserve; line-break: auto; color: rgb(255, 0, 0); font-weight: bold;\">*재료준비로 인하여 강의시작일 3일전 부터 환불기준에 따른 환불 차감액 발생</span></p>\n<p style=\"text-align: center;\"><span class=\"msg-text-box able\" style=\"word-break: break-word; outline: 0px; font-size: 14px; line-height: 23px; white-space-collapse: preserve; line-break: auto; color: rgb(255, 0, 0); font-weight: bold;\"><br></span></p>\n<p style=\"text-align: center;\"><span class=\"msg-text-box able\" style=\"word-break: break-word; outline: 0px; font-size: 14px; line-height: 23px; white-space-collapse: preserve; line-break: auto;\"><span style=\"color: rgb(255, 0, 0); background-color: rgb(235, 245, 241);\"><span style=\"font-weight: bold;\">취소 및 환불 규정은 수강신청&gt;수강신청·변경·취소안내&gt;수강변경·취소안내 메뉴에서 자세한 내용을 확인할 수 있습니다.</span></span></span></p></div></h2></div>','앞치마, 필기도구, 음식 담아갈 밀폐용기\n[오시는 길] 지상 : 롯데호텔 방면 백화점 연결구간 10~12호기 엘레베이터 이용 → 12층 하차\n[오시는 길] 지하1층 : 트레비광장 왼편 롯데리아/엔제리너스 사잇길로 직진 → 끝 지점의 오른편 유리문 열고 진입 → 10~12호기 엘레베이터 이용 → 12층 하차\n특정 성분에 대한 알레르기가 있으신 분들은 반드시 커리큘럼을 확인 후 신청 바랍니다.\n재료 준비로 인하여 강의시작일 3일전 부터 환불기준에 따른 환불 차감액 발생','07/25(목) : 매운봉추찜닭 / 양배추닭고기냉채\n08/01(목) : 브로콜리양배추베이컨볶음 / 호박고지된장찌개 / 가지냉국\n08/08(목) : 애호박새우젓볶음 / 닭다리살 바베큐\n08/22(목) : 돼지고기두반장볶음 / 열무된장무침\n08/29(목) : 닭다리살냉채 / 연두부채소피칸샐러드','배혜숙','2024-07-25','2024-08-29','목','10:30:00','12:00:00',5,10,50000,'2024-04-25','2024-07-21','2024-07-04 18:05:41'),(2,'접수중',1,13,'uploads\\course\\1720902222797_cooking_002.jpg','[8/14] 계절을 담은 경우의 수 절기 요리','','<div class=\"info_img_txt\">\n									<p class=\"img\"><img class=\"only_pc\" src=\"https://culture.lotteshopping.com/files/CUL_ONL/2024/4/202404250543461272.jpg\" alt=\"IMG_20240411_175819_360.jpg\"><img class=\"only_mobile\" src=\"https://culture.lotteshopping.com/files/CUL_ONL/2024/4/202404250543461272.jpg\" alt=\"IMG_20240411_175819_360.jpg\"></p>\n														<div class=\"txt_box\">\n															계절의 재료와 다양한 레시피로 만들어진 수많은 경우의 수를 뜻하는 <br>\'경우의 수\'와 함께하는 쿠킹클래스입니다.<br>자연의 순환에 맞춰 자란 채소를 중심으로 다양한 식재료를 찾고<br>요리하는 경우의 수 대표님을 통해 가정에서 쉽게 만들 수 있는 <br>소박하지만 풍요롭고 속 편한 레시피를 만나보시기 바랍니다.  <br><br>● 메뉴 <br>1. 호박꽃 토르티야 데 파타타<br>    호박꽃과 감자를 활용한 스페인식 오믈렛<br>2. 토마토와 고추로 만드는 로메스코 소스<br>     샌드위치 소스로도 활용이 가능한 활용만점 여름 핫 소스 레시피 <br>3. 뽈뽀 문어 tapas맛있게 문어를 삶는 법부터 배우는 문어 요리!<br><br>* 본 강좌는 시연 시식으로 진행됩니다.<br><br><br>진행 : 황지수 number of cases 요리사<br>한식 전공 후 다양한 레스토랑에서 경험 통해 2016년 &lt;경우의 수&gt; 활동 시작 <br>팝업식당, 요리교실, 레시피 개발, 메뉴 컨설팅 등 요리 관련 프로젝트 진행 <br>24년 5월부터는 『LIFE + COOK post mail』여행을 다니며 요리하고 기록</div>\n													</div>','진행장소 롯데백화점 본점 문화센터 요리실','08/14(수) : 계절을 담은 경우의 수 절기 요리','전문강사','2024-08-14','2024-08-14','수','14:00:00','16:00:00',1,20,50000,'2024-04-25','2024-08-07','2024-07-04 18:17:42'),(3,'접수중',8,9,'uploads\\course\\1721628139544_drawing_001.jpg','김나라의 유화 & 수채화교실','김나라 서양화가','<div class=\"info_img_txt\">\n									<p class=\"img\"><img class=\"only_pc\" src=\"https://culture.lotteshopping.com/files/CUL_ONL/2024/6/202406131120217930.jpg\" alt=\"화면 캡처 2024-03-22 172637.jpg\"><img class=\"only_mobile\" src=\"https://culture.lotteshopping.com/files/CUL_ONL/2024/6/202406131120217930.jpg\" alt=\"화면 캡처 2024-03-22 172637.jpg\"></p>\n														<div class=\"txt_box\">\n															유화/수채화의 기초적인 표현기법과 전문 기법을 배우고<br><br>기본적인 미술실기 뿐만 아니라<br><br>미술의 기본인 그림의 3요소를 이해하고 활용하는 실기수업 강좌<br><br>수업은 강사의 계획 및 수강생의 요구에따라 탄력적으로 운영됩니다.</div>\n													</div>','준비물은 첫 수업에 설명해 드립니다.','09/02(월) : 미술의 기초상식 및 재료의 이해\n09/09(월) : 뎃생의 중요성\n09/23(월) : 뎃생의 중요성\n09/30(월) : 그림의 재료특성 및 기초 구도 잡는法\n10/07(월) : 그림의 재료특성 및 기초 구도 잡는法\n10/14(월) : 실기 대상의 정물화 스케치 구성法\n10/21(월) : 실기 대상의 풍경화 스케치 구성法\n10/28(월) : 실기에 있어서 미술의 3요소 응용 활용法\n11/04(월) : 입체감의 표현기법\n11/11(월) : 거리감의 표현기법\n11/18(월) : 색채의 이론과 표현法\n11/25(월) : 작품의 완성도 이해','김나라','2024-09-02','2024-11-25','월','10:40:00','13:10:00',12,13,120000,'2024-07-24','2024-09-01','2024-07-17 17:47:55'),(4,'접수중',3,13,'uploads\\course\\1721367620486_cooking_003.jpg','[8/26 노원] 생활공작소와 함께하는 여름식재료를 활용한 식감각 워크숍','멈춰서서 느끼는 여름, 여름에 더 진한 맛을 내는 것들','<div class=\"info_img_txt\">\n									<p class=\"img\"><img class=\"only_pc\" src=\"https://culture.lotteshopping.com/files/CUL_ONL/2024/6/202406261033411381.png\" alt=\"JANDI_Screenshot_2024-06-26 10.12.06.png\"><img class=\"only_mobile\" src=\"https://culture.lotteshopping.com/files/CUL_ONL/2024/6/202406261033411381.png\" alt=\"JANDI_Screenshot_2024-06-26 10.12.06.png\"></p>\n														<div class=\"txt_box\">\n															일상 속 스트레스와 마음의 짐을 내려놓고 나에게 집중할 수 있는<br>\'생공적 쉼\' 캠페인을 운영하는 라이프스타일 브랜드 생활공작소와 함께합니다.<br>여름식재료를 활용한 식감각 워크숍과 함께 유쾌한 여름의 맛을 생공적으로 즐겨보세요<br><br>본 클래스 참석자에게는<br>[생활공작소 향기 제습제 8입]을 선물로 드립니다.<br><br>언제부턴가, 제철재료라는 말이 어색해졌습니다. <br>사계절 내내 볼 수 있는 것들이 너무 많으니깐요. <br>하지만 각자에겐 여전히 여름하면 생각나는 맛과 향이 있습니다. <br>그게 꼭 여름을 대표하는 식재료가 아니더라도 말이에요. <br><br>여름의 뜨거운 볕을 이겨내고, <br>우리와 더 진한 맛으로 만나는 여름의 식재료를 하나하나 만나봅니다. <br>더 다양하고 다채롭게 여름을 즐길 수 있을거에요!<br><br>메뉴 <br>1. 여름과일 엔쵸비 매콤 깻잎 샐러드<br>2. 여름야채 가득넣은 토마토 대파 솥밥 <br>3. 치즈와 허브를 곁들인 발사믹 가지 아뮤즈부쉬<br><br>* 본 강좌는 시연과 시식으로 진행됩니다. <br><br>진행방식 <br>- 여름의 식재료를 이용하뉴테이블 셋팅<br>- 각자가 기억하는 여름의 맛과 향  공유하기<br>- 식재료 탐구 및 시식을 통해 여름의 맛 느껴보기 <br><br>진행 : 이다빈 푸드 디렉터 <br>진행장소 : 롯데백화점 노원점 문화센터 <br><br><br>\'생공적 쉼\' 캠페인 소개<br>기본을 지키고, 생활을 만드는 라이프스타일 브랜드 생활공작소<br><br>생활에 필요한 일상용품을 만드는 브랜드를 넘어<br>우리의 일상생활이 더 나아질 수 있도록 돕는<br>라이프스타일 브랜드로 나아가려고 합니다.<br><br>일상 속 스트레스와 마음의 짐을 내려놓고<br>나에게 집중하는 시간을 경험할 수 있도록<br>\'생공적 쉼\'캠페인을 진행하고 있습니다.<br><br>23년에는 웰니스 브랜드인 \'위크앤더스\'.\'꾸까\',\'썬데이 나마스떼\'등과 협업하였으며,<br>24년도에는 지역 워케이션 공간 2곳과 \'생공적 쉼\'캠페인 진행을 앞두고 있습니다.<br>*7월1일 남해에 위치한 \'소도읖\'과 진행 예정 (3개월) / 8월 1일 고성에 위치한 \'맹그로브 고성\'과 진행 예정 (1개월)</div>\n													</div>','진행장소 : 롯데백화점 노원점 문화센터','08/26(월) : 생활공작소와 함께하는 영화가 있는 식탁 리틀포레스트','이다빈','2024-08-26','2024-08-26','월','15:00:00','17:00:00',1,12,20000,'2024-04-25','2024-08-25','2024-07-18 10:37:51'),(5,'접수중',3,1,'uploads\\course\\1722221527592_course001.jpg','[8/8] 럭셔리 솜씨나는 플라워 바스켓','럭셔리 솜씨나는 플라워 바스켓','<div class=\"info_img_txt\">\n									<p class=\"img\"><img class=\"only_pc\" src=\"\" alt=\"\"><img class=\"only_mobile\" src=\"\" alt=\"\"></p>\n														<div class=\"txt_box\">\n															&lt;강의 내용&gt;<br>럭셔리 솜씨나는 플라워 바스켓<br><br>아름다운 꽃과 함께 행복하고 즐거운 시간을 보낼 수 있습니다. <br><br>※ 당일 준비되는 소재에 따라 계획이 변경될 수 있습니다.<br>※ 재료비는 수강 결제 시 납부 바랍니다.</div>\n													</div>','꽃가위, 앞치마, 필기도구,나이프\n재료 준비가 필요한 강좌로 강좌 시작일의 3일 전까지만 전액 취소 가능합니다.','08/08(목) : 럭셔리 솜씨나는 플라워 바스켓','최송자','2024-08-08','2024-08-08','목','12:40:00','13:50:00',1,5,15000,'2024-04-25','2024-08-05','2024-07-18 11:00:19'),(6,'접수중',3,1,'uploads\\course\\1721746588197_course002.jpg','[8/9] 리빙플라워디자인','리빙플라워디자인','<div class=\"info_img_txt\">\n									<p class=\"img\"><img class=\"only_pc\" src=\"https://culture.lotteshopping.com/files/CUL_ONL/2024/3/202403260522423790.JPG\" alt=\"플로리스트, 꽃.JPG\"><img class=\"only_mobile\" src=\"https://culture.lotteshopping.com/files/CUL_ONL/2024/3/202403260522423790.JPG\" alt=\"플로리스트, 꽃.JPG\"></p>\n														<div class=\"txt_box\">\n															&lt;강의 내용&gt;<br>꽃을 이용한 다양한 장식으로 <br>플라워디자인을 경험할 수 있는 클래스 입니다.<br><br>※ 선착순 마감되오니 사전 접수 바랍니다.</div>\n													</div>','재료비: 40,000원(수강료에 재료비 포함)','08/09(금) : 리빙플라워디자인','김현주','2024-08-09','2024-08-09','금','10:30:00','11:50:00',1,5,50000,'2024-04-25','2024-08-06','2024-07-18 11:03:18'),(7,'접수중',3,1,'uploads\\course\\1721732219128_course003.jpg','[8/9] 리빙플라워디자인','리빙플라워디자인','<div class=\"info_img_txt\">\n									<p class=\"img\"><img class=\"only_pc\" src=\"https://culture.lotteshopping.com/files/CUL_ONL/2024/3/202403260522423790.JPG\" alt=\"플로리스트, 꽃.JPG\"><img class=\"only_mobile\" src=\"https://culture.lotteshopping.com/files/CUL_ONL/2024/3/202403260522423790.JPG\" alt=\"플로리스트, 꽃.JPG\"></p>\n														<div class=\"txt_box\">\n															&lt;강의 내용&gt;<br>꽃을 이용한 다양한 장식으로 <br>플라워디자인을 경험할 수 있는 클래스 입니다.<br><br>※ 선착순 마감되오니 사전 접수 바랍니다.</div>\n													</div>','재료비: 40,000원(수강료에 재료비 포함)','08/09(금) : 리빙플라워디자인','김현주','2024-08-09','2024-08-09','금','10:30:00','11:50:00',1,5,50000,'2024-04-25','2024-08-06','2024-07-18 11:11:42'),(8,'접수중',3,1,'uploads\\course\\1721936131112_course004.jpg','[6/7] 내츄럴핸드타이드','내츄럴핸드타이드','<div class=\"info_img_txt\">\n									<p class=\"img\"><img class=\"only_pc\" src=\"\" alt=\"\"><img class=\"only_mobile\" src=\"\" alt=\"\"></p>\n														<div class=\"txt_box\">\n															&lt;강의 내용&gt;<br>꽃을 이용한 다양한 장식으로 <br>플라워디자인을 경험할 수 있는 클래스 입니다.<br>새싹이 돋아나는 봄을 맞이하여 화이트데이 플라워를 만들어 봅시다.<br><br>※ 선착순 마감되오니 사전 접수 바랍니다.</div>\n													</div>','재료비: 40,000원(수강료에 재료비 포함)','06/07(금) : 내츄럴 핸드타이드\n\n','김현주','2024-06-07','2024-06-07','금','10:30:00','11:50:00',1,2,50000,'2024-04-25','2024-06-04','2024-07-18 11:14:14'),(9,'접수중',3,1,'uploads\\course\\1721801573663_course005.jpg','김현주의 Let`s Go 플로리스트 1차','플라워아트 테이블 데코','<div class=\"info_img_txt\">\n									<p class=\"img\"><img class=\"only_pc\" src=\"https://culture.lotteshopping.com/files/CUL_ONL/2024/3/202403260516443120.JPG\" alt=\"플로리스트, 꽃.JPG\"><img class=\"only_mobile\" src=\"https://culture.lotteshopping.com/files/CUL_ONL/2024/3/202403260516443120.JPG\" alt=\"플로리스트, 꽃.JPG\"></p>\n														<div class=\"txt_box\">\n															&lt;강의 내용&gt;<br>꽃을 이용한 다양한 장식으로<br>나만의 플라워디자인을 경험할 수 있는<br>클래스 입니다.<br><br>※ 선착순 마감되오니 사전 접수 바랍니다.</div>\n													</div>','꽃가위, 꽃칼,가시훑기.앞치마, 필기도구\n재료비: 회당 35,000원(강사 납부)','06/07(금) : 내츄럴핸드타이드\n06/14(금) : 라운드테이블데코\n06/21(금) : 롱&로우 테이블 데코\n06/28(금) : 라운드테이블데코\n07/05(금) : 스프레이 테이블 디자인','김현주','2024-06-07','2024-07-05','금','10:30:00','11:50:00',5,5,75000,'2024-04-25','2024-05-31','2024-07-18 11:16:58'),(10,'접수중',3,1,'uploads\\course\\1722239365938_course006.jpg','김현주의 Let`s Go 플로리스트','플라워 아트 디렉터(계절 별 감성 플라워데코)','<div class=\"info_img_txt\">\n									<p class=\"img\"><img class=\"only_pc\" src=\"https://culture.lotteshopping.com/files/CUL_ONL/2024/3/202403260516442030.JPG\" alt=\"플로리스트, 꽃.JPG\"><img class=\"only_mobile\" src=\"https://culture.lotteshopping.com/files/CUL_ONL/2024/3/202403260516442030.JPG\" alt=\"플로리스트, 꽃.JPG\"></p>\n														<div class=\"txt_box\">\n															&lt;강의 내용&gt;<br>꽃을 이용한 다양한 장식으로<br>나만의 플라워디자인을 경험할 수 있는<br>클래스 입니다.<br><br>※ 선착순 마감되오니 사전 접수 바랍니다.</div>\n													</div>','꽃가위, 꽃칼,가시훑기.앞치마, 필기도구\n재료비: 회당 35,000원(강사 납부)','06/07(금) : 내츄럴핸드타이드\n06/14(금) : 라운드테이블데코\n06/21(금) : 롱&로우 테이블 데코\n06/28(금) : 라운드테이블데코\n07/05(금) : 스프레이 테이블 디자인\n07/12(금) : 토피어리 플라워디자인\n07/19(금) : 글라스 어렌지 병꽂이\n07/26(금) : 햇박스플라워디자인\n08/02(금) : 프론트페이싱 센타피스\n08/09(금) : 리빙플라워꽃바구니','김현주','2024-06-07','2024-08-09','금','10:30:00','11:50:00',10,10,150000,'2024-04-25','2024-05-30','2024-07-18 11:21:50'),(11,'접수중',3,1,'uploads\\course\\1722213243197_course007.jpg','화훼 장식 기능사 자격증 대비','최송자 화훼 장식 기능사 자격증 대비반','<div class=\"info_img_txt\">\n									<p class=\"img\"><img class=\"only_pc\" src=\"https://culture.lotteshopping.com/files/CUL_ONL/2024/3/202403260122048200.JPG\" alt=\"플라워.JPG\"><img class=\"only_mobile\" src=\"https://culture.lotteshopping.com/files/CUL_ONL/2024/3/202403260122048200.JPG\" alt=\"플라워.JPG\"></p>\n														<div class=\"txt_box\">\n															&lt;강의 내용&gt;<br>국가 기술 실기 자격증 취득을 위한 실기 중심으로  <br>화훼장식절화 기본 상품을 제작 할 수 있도록 하며, <br><br>FLOWER SHOP 뉴 트렌드와 <br>성공사례의 노하우를 전수하는 차별화된 교육으로 <br>자격증 취득 가능<br><br>※당일 준비되는 소재에 따라 계획이 변경될 수 있습니다.</div>\n													</div>','꽃가위, 앞치마, 필기도구,나이프\n재료비: 회당 40,000원(강사 납부)','06/13(목) : 라운드 구조물 꽃다발\n06/20(목) : 원추형 구조물 꽃다발\n06/27(목) : 화훼장식 기능사 실기 반구형 꽃꽂이\n07/04(목) : 화훼장식 기능사 실기 부채형 꽃꽂이\n07/11(목) : 화훼장식 기능사 실기 삼각형 꽃꽂이\n07/18(목) : 화훼장식 기능사 실기 L형 꽃꽂이\n07/25(목) : 화훼장식 기능사 실기 역T형 꽃꽂이\n08/01(목) : 화훼장식 기능사 실기 수직형 꽃꽂이\n08/08(목) : 화훼장식 기능사 실기 수평형 꽃꽃이\n08/22(목) : 동양꽃꽃이 직립형, 코사지 연습\n08/29(목) : 동양꽃꽂이 경사형, 코사지 연습','최송자','2024-06-13','2024-08-29','목','00:40:00','13:50:00',11,2,138000,'2024-04-25','2024-05-31','2024-07-18 11:25:07'),(12,'접수중',3,1,'uploads\\course\\1721497212142_course008.jpg','유러피안 플라워 기초반','최송자와 함께하는 플라워 클래스','<div class=\"info_img_txt\">\n									<p class=\"img\"><img class=\"only_pc\" src=\"\" alt=\"\"><img class=\"only_mobile\" src=\"\" alt=\"\"></p>\n														<div class=\"txt_box\">\n															&lt;강의 내용&gt;<br>뉴 트랜드 스타일 습득으로 플로리스트의 탄탄한 기본기를 쌓고, <br>변화하는 트랜드에 맞춘 다양한 디자인을 쉽게 이해하고 배울 수 있다.<br><br>취미생활과 더불어, 실생활에 활용하여  <br>창의성과 감성이 풍부해지는 실질적이면서  만족도가 높은 강좌이다.<br><br>※당일 준비되는 소재에 따라 계획이 변경될 수 있습니다.</div>\n													</div>','꽃가위, 앞치마, 필기도구,나이프\n재료비: 회당 40,000원(강사 납부)','06/13(목) : 롱앤로우 센터피스 플라워\n06/20(목) : 돔스타일 플라워 토피어리\n06/27(목) : 그리너리 어레인지먼트 테이블 플라워\n07/04(목) : 파스텔 플라워 유리병 장식\n07/11(목) : 자연감성 컬러 플라워 장식\n07/18(목) : 러블리 브라이덜 부케\n07/25(목) : 에코 플라워 인테리어\n08/01(목) : 핫트렌드 빈티지 핸드타이드 부케\n08/08(목) : 유럽감성 프로포즈 부케\n08/22(목) : 다이닝 테이블 롱앤로우\n08/29(목) : 파니에 플라워 어레인지먼트 (바구니에 꾸민 플라워)','최송자','2024-06-13','2024-08-29','목','12:40:00','13:50:00',11,10,138000,'2024-04-25','2024-06-10','2024-07-18 11:30:18'),(13,'접수중',3,1,'uploads\\course\\1722252851757_course009.jpg','파티플라워','최송자와 함께하는 플라워 클래스','<div class=\"info_img_txt\">\n									<p class=\"img\"><img class=\"only_pc\" src=\"\" alt=\"\"><img class=\"only_mobile\" src=\"\" alt=\"\"></p>\n														<div class=\"txt_box\">\n															&lt;강의 소개&gt;<br>유럽의 다양한 스타일 습득으로 탄탄한 기본기를 쌓고, <br>변화하는 트렌드에 맞춘 다양한 디자인을 쉽게 이해하고 배울 수 있다.<br><br>취미 생활과 더불어, 실생활에 활용하여  <br>창의성과 감성이 풍부해지는 실질적이면서 만족도가 높은 강좌이다.<br><br>※당일 준비되는 소재에 따라 계획이 변경될 수 있습니다.</div>\n													</div>','꽃가위, 나이프, 앞치마, 필기도구\n재료비: 회당 40,000원(강사 납부)','06/13(목) : 리스 디자인\n06/20(목) : 토피어리\n06/27(목) : 야외 부케\n07/04(목) : 케익 데코\n07/11(목) : 햇 박스 디자인\n07/18(목) : 돔 스타일\n07/25(목) : 포토테이블 장식\n08/01(목) : 콘 스타일\n08/08(목) : 액자 디자인\n08/22(목) : 테이블 데코레이션 연출\n08/29(목) : 캔들 데코','최송자','2024-06-13','2024-08-29','목','14:00:00','15:10:00',11,10,138000,'2024-04-25','2024-06-10','2024-07-18 11:33:33'),(14,'접수중',3,1,'uploads\\course\\1721939181686_course010.jpg','☆식물테라피 손바닥 정원 (중급) 1회','식물테라피 손바닥정원 (중급)','<div class=\"info_img_txt\">\n									<p class=\"img\"><img class=\"only_pc\" src=\"https://culture.lotteshopping.com/files/CUL_ONL/2024/3/202403160656498230.jpg\" alt=\"손바닥정원.jpg\"><img class=\"only_mobile\" src=\"https://culture.lotteshopping.com/files/CUL_ONL/2024/3/202403160656498230.jpg\" alt=\"손바닥정원.jpg\"></p>\n														<div class=\"txt_box\">\n															실내원예의 기초 이론과 실기를 습득하여 <br>원예 생활에 쉽게 접근할 수 있도록 하며,<br>이를 통하여 보다 나은 삶의 질을 향상시키고 <br>건강한 웰빙 생활을 영위하도록 한다.<br><br>* 개인 수준에 따라 완성 작품이 달라지므로<br>주차별 재료비는 초급/중급이 다르게 책정됩니다.<br><br>* 수업 일정 및 주제는 수강 중인 회원 간 협의에 의해 변동 될 수 있음</div>\n													</div>','준비물: 신문지, 앞치마, 일회용 장갑(얇은 장갑), 가위, 쇼핑백(작품 담아갈 가방) 등\n중급 수업 재료비: 회당 50,000원 이상 (강사 납부) > 주차별로 재료비는 달라질 수 있습니다.','','권영아','2024-06-20','2024-08-29','목','16:00:00','18:30:00',10,10,120000,'2024-04-25','2024-05-31','2024-07-18 11:35:19'),(15,'접수중',3,1,'uploads\\course\\1721698857784_course011.jpg','식물테라피 손바닥 정원 (초급)','식물테라피 손바닥정원 (초급)','<div class=\"info_img_txt\">\n									<p class=\"img\"><img class=\"only_pc\" src=\"https://culture.lotteshopping.com/files/CUL_ONL/2024/3/202403160656497140.jpg\" alt=\"손바닥정원.jpg\"><img class=\"only_mobile\" src=\"https://culture.lotteshopping.com/files/CUL_ONL/2024/3/202403160656497140.jpg\" alt=\"손바닥정원.jpg\"></p>\n														<div class=\"txt_box\">\n															실내원예의 기초 이론과 실기를 습득하여 <br>원예 생활에 쉽게 접근할 수 있도록 하며,<br>이를 통하여 보다 나은 삶의 질을 향상시키고 <br>건강한 웰빙 생활을 영위하도록 한다.<br><br>* 개인 수준에 따라 완성 작품이 달라지므로<br>주차별 재료비는 초급/중급이 다르게 책정됩니다.<br><br>* 수업 일정 및 주제는 수강 중인 회원 간 협의에 의해 변동 될 수 있음</div>\n													</div>','준비물: 신문지, 앞치마, 일회용 장갑(얇은 장갑), 가위, 쇼핑백(작품 담아갈 가방) 등\n초급 수업 재료비 1~8강 : 40,000원 / 9강 : 50,000원 / 10강 : 70,000원 (강사 납부)','','권영아','2024-06-20','2024-08-29','목','16:00:00','18:30:00',10,10,120000,'2024-04-25','2024-06-19','2024-07-18 11:36:53'),(16,'접수중',3,1,'uploads\\course\\1721295010408_course012.jpg','[중간수강] 화훼 장식 기능사 자격증 대비','최송자 화훼 장식 기능사 자격증 대비반','<div class=\"info_img_txt\">\n									<p class=\"img\"><img class=\"only_pc\" src=\"https://culture.lotteshopping.com/files/CUL_ONL/2024/7/202407040229577410.JPG\" alt=\"플라워.JPG\"><img class=\"only_mobile\" src=\"https://culture.lotteshopping.com/files/CUL_ONL/2024/7/202407040229577410.JPG\" alt=\"플라워.JPG\"></p>\n														<div class=\"txt_box\">\n															&lt;강의 내용&gt;<br>국가 기술 실기 자격증 취득을 위한 실기 중심으로  <br>화훼장식절화 기본 상품을 제작 할 수 있도록 하며, <br><br>FLOWER SHOP 뉴 트렌드와 <br>성공사례의 노하우를 전수하는 차별화된 교육으로 <br>자격증 취득 가능<br><br>※당일 준비되는 소재에 따라 계획이 변경될 수 있습니다.</div>\n													</div>','꽃가위, 앞치마, 필기도구,나이프\n재료비: 회당 40,000원(강사 납부)','07/04(목) : 라운드 구조물 꽃다발\n07/11(목) : 원추형 구조물 꽃다발\n07/18(목) : 화훼장식 기능사 실기 반구형 꽃꽂이\n07/25(목) : 화훼장식 기능사 실기 부채형 꽃꽂이\n08/01(목) : 화훼장식 기능사 실기 삼각형 꽃꽂이\n08/08(목) : 화훼장식 기능사 실기 L형 꽃꽂이\n08/22(목) : 화훼장식 기능사 실기 역T형 꽃꽂이\n08/29(목) : 화훼장식 기능사 실기 수직형 꽃꽂이','최송자','2024-07-04','2024-08-29','목','00:40:00','13:50:00',8,8,100000,'2024-04-25','2024-07-04','2024-07-18 11:39:21'),(17,'접수중',3,1,'uploads\\course\\1721370927353_course013.jpg','[7/11] 돌상, 100일상 세상 하나뿐인 센터피스 플라워','돌상, 100일상 세상 하나뿐인 센터피스 플라워','<div class=\"info_img_txt\">\n									<p class=\"img\"><img class=\"only_pc\" src=\"\" alt=\"\"><img class=\"only_mobile\" src=\"\" alt=\"\"></p>\n														<div class=\"txt_box\">\n															&lt;강의 내용&gt;<br>[7/11] 돌상, 100일상 세상 하나뿐인 센터피스 플라워<br><br>아름다운 꽃과 함께 행복하고 즐거운 시간을 보낼 수 있습니다. <br><br>※ 당일 준비되는 소재에 따라 계획이 변경될 수 있습니다.<br>※ 재료비는 수강료와 함께 납부바랍니다.</div>\n													</div>','꽃가위, 앞치마, 필기도구,나이프\n재료 준비가 필요한 강좌로 강좌 시작일의 3일 전까지만 전액 취소 가능합니다.','07/11(목) : 돌상, 100일상 세상 하나뿐인 센터피스 플라워','최송자','2024-07-11','2024-07-11','목','12:40:00','13:50:00',1,5,15000,'2024-04-25','2024-07-10','2024-07-18 11:40:58'),(18,'접수중',3,1,'uploads\\course\\1721360441367_course014.jpg','김현주의 Let`s Go 플로리스트 2차','리빙플라워디자인','<div class=\"info_img_txt\">\n									<p class=\"img\"><img class=\"only_pc\" src=\"https://culture.lotteshopping.com/files/CUL_ONL/2024/3/202403260516444530.JPG\" alt=\"플로리스트, 꽃.JPG\"><img class=\"only_mobile\" src=\"https://culture.lotteshopping.com/files/CUL_ONL/2024/3/202403260516444530.JPG\" alt=\"플로리스트, 꽃.JPG\"></p>\n														<div class=\"txt_box\">\n															&lt;강의 내용&gt;<br>꽃을 이용한 다양한 장식으로<br>나만의 플라워디자인을 경험할 수 있는<br>클래스 입니다.<br><br>※ 선착순 마감되오니 사전 접수 바랍니다.</div>\n													</div>','꽃가위, 꽃칼,가시훑기.앞치마, 필기도구\n재료비: 회당 35,000원(강사 납부)','07/12(금) : 토피어리 플라워디자인\n07/19(금) : 글라스 어렌지 병꽂이\n07/26(금) : 햇박스플라워디자인\n08/02(금) : 프론트페이싱 센타피스\n08/09(금) : 리빙플라워꽃바구니','김현주','2024-07-12','2024-08-09','금','10:30:00','11:50:00',5,5,75000,'2024-04-25','2024-05-31','2024-07-18 11:43:13'),(19,'접수중',3,2,'uploads\\course\\1721801275151_course015.jpg','윤호중 생활도예교실 오후반','도자기 제작을 통한 창작 의욕과 성취감 고취','<div class=\"info_img_txt\">\n									<p class=\"img\"><img class=\"only_pc\" src=\"https://culture.lotteshopping.com/files/CUL_ONL/2024/3/202403130644118580.jpeg\" alt=\"도예.jpeg\"><img class=\"only_mobile\" src=\"https://culture.lotteshopping.com/files/CUL_ONL/2024/3/202403130644118580.jpeg\" alt=\"도예.jpeg\"></p>\n														<div class=\"txt_box\">\n															&lt;강의 내용&gt;<br>일반인들이 직접 도자기를 성형하고 제작함으로서<br>일반인들의 창작 의욕 및 성취감을 고취하며, <br>나아가 가정에서 직접 사용함으로써 가정의 화목에도 일조한다.</div>\n													</div>','앞치마, 비닐봉투(대,소)3~5개\n재료비: 35,000원/ 강사 납부','06/03(월) : 도자기 역사와 제작과정, 다양한 재료와 도구의 쓰임에 대한 강의\n06/10(월) : 코일링 기법을 통한 원통 쌓아 올리기\n06/17(월) : 투각 기법을 이용한 필통 제작\n06/24(월) : 코일링 기법으로 개성있는 머그컵 제작\n07/01(월) : 기초 양각, 음각 기법 강의\n07/08(월) : 주발, 대접 제작\n07/15(월) : 다양한 분청 기법 강의\n07/22(월) : 판 성형을 이용하여 종지, 접시 제작\n07/29(월) : 면기, 탕기 제작\n08/05(월) : 코일링 기법으로 성형하여 화병 제작(50cm)\n08/12(월) : 촛대, 솟대, 조명 제작\n08/19(월) : 작은 항아리 제작','윤호중','2024-06-03','2024-08-19','월','14:00:00','16:00:00',12,18,150000,'2024-04-25','2024-05-31','2024-07-18 11:47:41'),(20,'접수중',3,5,'uploads\\course\\1721805612210_course016.jpg','노래 클리닉','부담없이 즐겁게 배우는 노래 교실','<div class=\"info_img_txt\">\n									<p class=\"img\"><img class=\"only_pc\" src=\"\" alt=\"\"><img class=\"only_mobile\" src=\"\" alt=\"\"></p>\n														<div class=\"txt_box\">\n															&lt;강의 내용&gt;<br>부담없이 즐겁게 배우는 노래 클리닉</div>\n													</div>','준비물: 호흡 훈련을 위한 빨대','06/07(금) : 노래(소리)를 잘내기위한 트레이닝(빨대)를 이용한 부는호흡(소리)의 기능화\n06/14(금) : 후두와 성대의 관계, 후두와 성대의 위치, 후두내리기, 성대붙이기, 성대벌리기\n06/21(금) : 두성으로 노래하기, 안면근육을 이용하여 노래하기\n06/28(금) : 좋은 두성과 나쁜 두성을 구분하여 습관고치기\n07/05(금) : 목열기, 열린 목소리와 닫힌 목소리의 차이\n07/12(금) : 목열고 소리내기, 목에 힘이 생기지 않는 소리로 노래를 부를 때 내소리의 변화\n07/19(금) : 목열고 노랫말 만들기, 모음과 자음을 낼 때 압력의 차이와 왜 자음을 가볍게 내야 하는지에 대하여\n07/26(금) : 소리의 길이 길어짐에 따른 소리의 차이, 소리의길을 길게 할때와 짧게 할때의 차이\n08/02(금) : 피치 브레이크, 고음에 자신감을 갖게 하는 1-8주를 응용한 고음발성\n08/09(금) : 발성에 기초한 감정 이입, 공기반 소리반의 이해\n08/16(금) : 리듬감, 각 노래의 리듬에 맞춰 노래하기\n08/23(금) : 중성, 두성, 흉성의 활용','김선홍','2024-06-07','2024-08-23','금','13:00:00','14:10:00',12,26,120000,'2024-04-25','2024-05-31','2024-07-18 11:51:19'),(21,'접수중',3,5,'uploads\\course\\1721491416390_course017.jpg','명품 노래교실(혼성) B','초보자도 도전 가능한 신나고 흥겨운 노래 교실','<div class=\"info_img_txt\">\n									<p class=\"img\"><img class=\"only_pc\" src=\"https://culture.lotteshopping.com/files/CUL_ONL/2024/3/202403240358491760.PNG\" alt=\"강명자.PNG\"><img class=\"only_mobile\" src=\"https://culture.lotteshopping.com/files/CUL_ONL/2024/3/202403240358491760.PNG\" alt=\"강명자.PNG\"></p>\n														<div class=\"txt_box\">\n															&lt;강의 내용&gt;<br>음치, 박치 주부님들 누구나<br>도전이 가능한 수업으로, 감성을 자극하고<br><br>신나고 흥겨운 노래로 자신의 삶을<br>한 층 더 업그레이드 할 수 있는 즐거운 시간입니다.</div>\n													</div>','','','강명희','2024-06-13','2024-08-29','목','14:30:00','15:40:00',11,19,110000,'2024-04-25','2024-06-09','2024-07-18 11:52:50'),(22,'접수중',3,5,'uploads\\course\\1721583977251_course018.jpg','명품 노래교실(혼성) A','초보자도 도전 가능한 신나고 흥겨운 노래 교실','<div class=\"info_img_txt\">\n									<p class=\"img\"><img class=\"only_pc\" src=\"https://culture.lotteshopping.com/files/CUL_ONL/2024/3/202403240358490820.PNG\" alt=\"강명자.PNG\"><img class=\"only_mobile\" src=\"https://culture.lotteshopping.com/files/CUL_ONL/2024/3/202403240358490820.PNG\" alt=\"강명자.PNG\"></p>\n														<div class=\"txt_box\">\n															&lt;강의 내용&gt;<br>음치, 박치 주부님들 누구나<br>도전이 가능한 수업으로, 감성을 자극하고<br><br>신나고 흥겨운 노래로 자신의 삶을<br>한 층 더 업그레이드 할 수 있는 즐거운 시간입니다.</div>\n													</div>','','','강명희','2024-06-13','2024-08-29','목','13:10:00','14:20:00',11,19,110000,'2024-04-25','2024-06-09','2024-07-18 11:54:51'),(23,'접수중',3,5,'uploads\\course\\1721830293870_course019.jpg','[중간수강]명품 노래교실(혼성) B','초보자도 도전 가능한 신나고 흥겨운 노래 교실','<div class=\"info_img_txt\">\n									<p class=\"img\"><img class=\"only_pc\" src=\"https://culture.lotteshopping.com/files/CUL_ONL/2024/7/202407040157305820.PNG\" alt=\"강명자.PNG\"><img class=\"only_mobile\" src=\"https://culture.lotteshopping.com/files/CUL_ONL/2024/7/202407040157305820.PNG\" alt=\"강명자.PNG\"></p>\n														<div class=\"txt_box\">\n															&lt;강의 내용&gt;<br>음치, 박치 주부님들 누구나<br>도전이 가능한 수업으로, 감성을 자극하고<br><br>신나고 흥겨운 노래로 자신의 삶을<br>한 층 더 업그레이드 할 수 있는 즐거운 시간입니다.</div>\n													</div>','','','강명희','2024-07-04','2024-08-29','목','14:30:00','15:40:00',8,11,80000,'2024-04-25','2024-05-31','2024-07-18 11:56:26'),(24,'접수중',3,5,'uploads\\course\\1722041417389_course020.jpg','[중간수강]명품 노래교실(혼성) A','초보자도 도전 가능한 신나고 흥겨운 노래 교실','<div class=\"info_img_txt\">\n									<p class=\"img\"><img class=\"only_pc\" src=\"https://culture.lotteshopping.com/files/CUL_ONL/2024/6/202406231155592980.PNG\" alt=\"강명자.PNG\"><img class=\"only_mobile\" src=\"https://culture.lotteshopping.com/files/CUL_ONL/2024/6/202406231155592980.PNG\" alt=\"강명자.PNG\"></p>\n														<div class=\"txt_box\">\n															&lt;강의 내용&gt;<br>음치, 박치 주부님들 누구나<br>도전이 가능한 수업으로, 감성을 자극하고<br><br>신나고 흥겨운 노래로 자신의 삶을<br>한 층 더 업그레이드 할 수 있는 즐거운 시간입니다.</div>\n													</div>','','','강명희','2024-07-04','2024-08-29','목','13:10:00','14:20:00',8,11,80000,'2024-04-25','2024-05-31','2024-07-18 12:25:08'),(25,'접수중',3,5,'uploads\\course\\1721387419759_course021.jpg','[중간수강]노래 클리닉','부담없이 즐겁게 배우는 노래 교실','<div class=\"info_img_txt\">\n									<p class=\"img\"><img class=\"only_pc\" src=\"\" alt=\"\"><img class=\"only_mobile\" src=\"\" alt=\"\"></p>\n														<div class=\"txt_box\">\n															&lt;강의 내용&gt;<br>부담없이 즐겁게 배우는 노래 클리닉</div>\n													</div>','준비물: 호흡 훈련을 위한 빨대','07/05(금) : 노래(소리)를 잘내기위한 트레이닝(빨대)를 이용한 부는호흡(소리)의 기능화\n07/12(금) : 후두와 성대의 관계, 후두와 성대의 위치, 후두내리기, 성대붙이기, 성대벌리기\n07/19(금) : 두성으로 노래하기, 안면근육을 이용하여 노래하기\n07/26(금) : 좋은 두성과 나쁜 두성을 구분하여 습관고치기\n08/02(금) : 목열기, 열린 목소리와 닫힌 목소리의 차이\n08/09(금) : 목열고 소리내기, 목에 힘이 생기지 않는 소리로 노래를 부를 때 내소리의 변화\n08/16(금) : 목열고 노랫말 만들기, 모음과 자음을 낼 때 압력의 차이와 왜 자음을 가볍게 내야 하는지에 대하여\n08/23(금) : 소리의 길이 길어짐에 따른 소리의 차이, 소리의길을 길게 할때와 짧게 할때의 차이','김선홍','2024-07-05','2024-08-23','금','13:00:00','14:10:00',8,4,80000,'2024-04-25','2024-05-31','2024-07-18 12:27:32'),(26,'접수중',3,6,'uploads\\course\\1721324254111_course022.jpg','가수 곽율의 가수처럼 편안하게 노래하기','더이상 힘들게 노래 하지 않는 법을 배우기','<div class=\"info_img_txt\">\n									<p class=\"img\"><img class=\"only_pc\" src=\"https://culture.lotteshopping.com/files/CUL_ONL/2024/4/202404240930515563.jpeg\" alt=\"AdobeStock_626646333.jpeg\"><img class=\"only_mobile\" src=\"https://culture.lotteshopping.com/files/CUL_ONL/2024/4/202404240930515563.jpeg\" alt=\"AdobeStock_626646333.jpeg\"></p>\n														<div class=\"txt_box\">\n															곽율 가수, 유튜브 곽율KwakYul 구독자 24만<br>발성전문 뮤직 코치&amp;크리에이터, 실용음악 실기교사<br><br>열심히 연습을 해도 발성을 배우는 학원을 다녀도 <br>만족하지 못했던 경험이 있으신가요?<br>곽율 발성 전문가가 알려주는 우리 더이상 힘들게 노래 하지 <br>않아도 잘 부르는 법을 배워봅니다.<br><br>[강연내용]<br>올바른 발성은 무엇인가?<br>발성은 무엇일까?<br>고음은 왜 힘든것일까? <br>죽은노래와 살아있는 노래의 차이<br><br>발성 전문가의 수업을 통해 힘들지 않게, <br>편안하게 노래 부르는 방법을 배워보는 시간을 가져봅니다.</div>\n													</div>','','06/09(일) : 더이상 힘들게 노래 하지 않는 법을 배우기','곽율','2024-06-09','2024-06-09','일','13:00:00','14:00:00',1,40,19999,'2024-04-25','2024-06-08','2024-07-18 12:29:12'),(27,'접수중',3,7,'uploads\\course\\1721355144341_course023.jpg','성악 마스터 클래스','소프라노 이해경과 함께하는 성악 마스터 클래스','<div class=\"info_img_txt\">\n									<p class=\"img\"><img class=\"only_pc\" src=\"https://culture.lotteshopping.com/files/CUL_ONL/2024/3/202403150554237190.jpeg\" alt=\"AdobeStock_589281942.jpeg\"><img class=\"only_mobile\" src=\"https://culture.lotteshopping.com/files/CUL_ONL/2024/3/202403150554237190.jpeg\" alt=\"AdobeStock_589281942.jpeg\"></p>\n														<div class=\"txt_box\">\n															&lt;강의 내용&gt;<br>성악을 체계적으로 깊이 있게 배울수 있는 강좌입니다.<br><br>소수의 인원을 정원으로 한 개인 레슨 수준의  질 높은 교육을 목표로 하며, <br>예고와 음대의 성악과에서 배우는 연습곡,  <br>예술가곡과 아리아등의 성악곡을 배움으로써 <br>자기계발의 기쁨을 느낄 수 있는 시간이 될 것입니다.<br><br>*매주 발성 레슨 후 콘코네, 성악곡 수업합니다.<br>*여성 분만 참여 가능 합니다.</div>\n													</div>','6.18, 6.25 휴강 > 8.13, 8.20 보강','','이해경','2024-06-24','2024-08-20','화','15:10:00','16:30:00',10,6,270000,'2024-04-25','2024-05-31','2024-07-18 12:30:57'),(28,'접수중',3,7,'uploads\\course\\1721349261911_course024.jpg','성악 마스터 클래스','소프라노 이해경과 함께하는 성악 마스터 클래스','<div class=\"info_img_txt\">\n									<p class=\"img\"><img class=\"only_pc\" src=\"https://culture.lotteshopping.com/files/CUL_ONL/2024/3/202403150554238130.JPG\" alt=\"합창&amp;성악.JPG\"><img class=\"only_mobile\" src=\"https://culture.lotteshopping.com/files/CUL_ONL/2024/3/202403150554238130.JPG\" alt=\"합창&amp;성악.JPG\"></p>\n														<div class=\"txt_box\">\n															&lt;강의 내용&gt;<br>성악을 체계적으로 깊이 있게 배울수 있는 강좌입니다.<br><br>소수의 인원을 정원으로 한 개인 레슨 수준의  질 높은 교육을 목표로 하며, <br>예고와 음대의 성악과에서 배우는 연습곡,  <br>예술가곡과 아리아등의 성악곡을 배움으로써 <br>자기계발의 기쁨을 느낄 수 있는 시간이 될 것입니다.<br><br>*매주 발성 레슨 후 콘코네, 성악곡 수업합니다.<br>*여성 분만 참여 가능 합니다.</div>\n													</div>','6.21, 6.28 휴강 > 8.16, 8.23 보강','','이해경','2024-06-07','2024-08-23','금','15:10:00','16:30:00',10,7,270000,'2024-04-25','2024-05-31','2024-07-18 12:32:18'),(29,'접수중',3,7,'uploads\\course\\1721652128050_course025.jpg','[중간수강] 성악 마스터 클래스','소프라노 이해경과 함께하는 성악 마스터 클래스','<div class=\"info_img_txt\">\n									<p class=\"img\"><img class=\"only_pc\" src=\"https://culture.lotteshopping.com/files/CUL_ONL/2024/6/202406240453522840.jpeg\" alt=\"AdobeStock_589281942.jpeg\"><img class=\"only_mobile\" src=\"https://culture.lotteshopping.com/files/CUL_ONL/2024/6/202406240453522840.jpeg\" alt=\"AdobeStock_589281942.jpeg\"></p>\n														<div class=\"txt_box\">\n															&lt;강의 내용&gt;<br>성악을 체계적으로 깊이 있게 배울수 있는 강좌입니다.<br><br>소수의 인원을 정원으로 한 개인 레슨 수준의  질 높은 교육을 목표로 하며, <br>예고와 음대의 성악과에서 배우는 연습곡,  <br>예술가곡과 아리아등의 성악곡을 배움으로써 <br>자기계발의 기쁨을 느낄 수 있는 시간이 될 것입니다.<br><br>*매주 발성 레슨 후 콘코네, 성악곡 수업합니다.<br>*여성 분만 참여 가능 합니다.</div>\n													</div>','','','이해경','2024-07-02','2024-08-20','화','15:10:00','16:30:00',8,1,216001,'2024-04-25','2024-07-01','2024-07-18 12:33:56'),(30,'접수중',3,8,'uploads\\course\\1721972469817_course026.jpg','최제니의 작곡으로 한 걸음, 탑라인과 가사','작곡으로 한 걸음 더 나아가기!','<div class=\"info_img_txt\">\n									<p class=\"img\"><img class=\"only_pc\" src=\"https://culture.lotteshopping.com/files/CUL_ONL/2024/4/202404240942118392.jpeg\" alt=\"AdobeStock_589872009.jpeg\"><img class=\"only_mobile\" src=\"https://culture.lotteshopping.com/files/CUL_ONL/2024/4/202404240942118392.jpeg\" alt=\"AdobeStock_589872009.jpeg\"></p>\n														<div class=\"txt_box\">\n															[강좌내용]<br>작곡가를 꿈꾸는 사람들을 위한 멜로디를 쓰는 과정과<br>음율에 맞는 가사를 맞추는 방법에 대해 알아보는 시간입니다. <br><br>멜로디가 주어지고 어울리는 주제와 가사 스토리를 작성한 뒤, <br>그것을 바탕으로 가사를 써봅니다. 그 뒤에 멜로디가 쓰여지지 <br>않은 곡이 주어지고 그 코드에 어울리는 멜로디를 직접 만들어봅니다. <br>이 과정을 통해 어떤식으로 곡에 접근해야하는지 알 수 있습니다. <br><br>[강사소개]<br>최제니 &lt;나 혼자 홈레코딩한다&gt;저자<br>&lt;티아라 효민 - Cabinet&gt; 작곡 작사 편곡<br>&lt;최제니 - Alright&gt; 작곡 작사 편곡 노래</div>\n													</div>','','08/22(목) : 작곡으로 한 걸음 더 나아가기!!','최제니','2024-08-22','2024-08-22','목','14:40:00','17:40:00',1,15,20000,'2024-04-25','2024-08-21','2024-07-18 12:35:36'),(31,'접수중',3,8,'uploads\\course\\1721564433343_course027.jpg','POPS Clinic 올드팝','재미있게 팝송을 배우고 관련된 영어표현 공부까지','<div class=\"info_img_txt\">\n									<p class=\"img\"><img class=\"only_pc\" src=\"https://culture.lotteshopping.com/files/CUL_ONL/2024/3/202403210132016750.jpeg\" alt=\"노래부르는 남자 그림자.jpeg\"><img class=\"only_mobile\" src=\"https://culture.lotteshopping.com/files/CUL_ONL/2024/3/202403210132016750.jpeg\" alt=\"노래부르는 남자 그림자.jpeg\"></p>\n														<div class=\"txt_box\">\n															&lt;강의 내용&gt;<br>우리나라 사람들이 좋아하는 <br>올드 팝을 선정하여 재미있게 팝송을 배웁니다.<br><br>한 주에 한 곡씩 배워 모임이나 노래방에서 부를 수 있도록<br>지도해 드리고 그 뜻과 관련된 영어 표현을 배울 수 있습니다.<br>피아노, 기타로 팝송을 배우며 되도록 자세히, 많이 불러 볼 수 있도록 합니다.<br><br>또한, 그 뜻을 해석하고 발음 교정 및 가수와 그 노래의 배경에 대해서도 배울 수 있습니다.<br><br>※강의 내용은 상황에 따라 변경될 수 있습니다.</div>\n													</div>','교재비: 15,000원(강사 납부)\n8/12 예정된 휴강\n※강의 내용은 상황에 따라 변경될 수 있습니다.','06/03(월) : Desperado - Eagles\n06/10(월) : Gloria-Laura Branigan\n06/17(월) : We`re All Alone - Boz Scaggs\n06/24(월) : For My Lady - The Moody Blues\n07/01(월) : I Don`t Want To Talk About It - Rod Stewart\n07/08(월) : 복습\n07/15(월) : Dance Monkey - Tones And I\n07/22(월) : Long Long Time - Linda Ronstadt\n07/29(월) : More Than Words -Extreme\n08/05(월) : 복습\n08/19(월) : Best That You Can Do - Christopher Cross','정현세','2024-06-03','2024-08-19','월','10:30:00','11:50:00',11,50,140000,'2024-04-25','2024-05-31','2024-07-18 12:38:38'),(32,'접수중',3,8,'uploads\\course\\1721978397728_course028.jpg','[중간수강]POPS Clinic 올드팝','재미있게 팝송을 배우고 관련된 영어표현 공부까지','<div class=\"info_img_txt\">\n									<p class=\"img\"><img class=\"only_pc\" src=\"https://culture.lotteshopping.com/files/CUL_ONL/2024/6/202406160446405520.jpeg\" alt=\"노래부르는 남자 그림자.jpeg\"><img class=\"only_mobile\" src=\"https://culture.lotteshopping.com/files/CUL_ONL/2024/6/202406160446405520.jpeg\" alt=\"노래부르는 남자 그림자.jpeg\"></p>\n														<div class=\"txt_box\">\n															&lt;강의 내용&gt;<br>우리나라 사람들이 좋아하는 <br>올드 팝을 선정하여 재미있게 팝송을 배웁니다.<br><br>한 주에 한 곡씩 배워 모임이나 노래방에서 부를 수 있도록<br>지도해 드리고 그 뜻과 관련된 영어 표현을 배울 수 있습니다.<br>피아노, 기타로 팝송을 배우며 되도록 자세히, 많이 불러 볼 수 있도록 합니다.<br><br>또한, 그 뜻을 해석하고 발음 교정 및 가수와 그 노래의 배경에 대해서도 배울 수 있습니다.<br><br>※강의 내용은 상황에 따라 변경될 수 있습니다.</div>\n													</div>','교재비: 15,000원(강사 납부)\n8/12 예정된 휴강\n※강의 내용은 상황에 따라 변경될 수 있습니다.\n중간수강이므로 개강일 반드시 확인부탁드립니다. :)','06/24(월) : Desperado - Eagles\n07/01(월) : Gloria-Laura Branigan\n07/08(월) : We`re All Alone - Boz Scaggs\n07/15(월) : For My Lady - The Moody Blues\n07/22(월) : I Don`t Want To Talk About It - Rod Stewart\n07/29(월) : 복습\n08/05(월) : Dance Monkey - Tones And I\n08/19(월) : Long Long Time - Linda Ronstadt','정현세','2024-06-24','2024-08-19','월','10:30:00','11:50:00',8,19,102000,'2024-04-25','2024-06-23','2024-07-18 12:41:16'),(33,'접수중',3,9,'uploads\\course\\1722028032874_course029.jpg','유화 특별반','※중급 이상의 수업입니다.','<div class=\"info_img_txt\">\n<p style=\"TEXT-ALIGN: center; LINE-HEIGHT: 200%\"><span style=\"FONT-SIZE: 14pt\"></span>&nbsp;</p>\n<p style=\"TEXT-ALIGN: center; LINE-HEIGHT: 200%\"><span style=\"FONT-SIZE: 14pt\"><img title=\"\" style=\"BORDER-TOP: rgb(0,0,0) 0px solid; BORDER-RIGHT: rgb(0,0,0) 0px solid; VERTICAL-ALIGN: baseline; BORDER-BOTTOM: rgb(0,0,0) 0px solid; BORDER-LEFT: rgb(0,0,0) 0px solid; border-image: none\" alt=\"\" src=\"https://culture.lotteshopping.com/LDCS/COMMON/IMAGES/NAMO/IMAGES/0013/75/0707/1542429096771.jpg\" curimg=\"curimg1\">&nbsp;</span><span style=\"FONT-SIZE: 14pt\">&nbsp;</span><span>&nbsp;</span></p>\n<p style=\"TEXT-ALIGN: center; LINE-HEIGHT: 200%\"><span style=\"FONT-SIZE: 14pt\"><span></span><span style=\"FONT-SIZE: 14pt\">&nbsp;</span>&nbsp;</span><span style=\"FONT-SIZE: 14pt\">&nbsp;</span></p>\n<p style=\"TEXT-ALIGN: center; LINE-HEIGHT: 200%\"><span style=\"FONT-SIZE: 14pt; LINE-HEIGHT: 200%\">다양성을 인정하는 <span style=\"BACKGROUND-COLOR: rgb(217,210,233)\">포스트모던의 시대</span>에</span></p>\n<p style=\"TEXT-ALIGN: center; LINE-HEIGHT: 200%\"><span style=\"FONT-SIZE: 14pt; LINE-HEIGHT: 200%\">적극적 회화의 추구를 위하여 조형성의 습득을 우선하여</span></p>\n<p style=\"TEXT-ALIGN: center; LINE-HEIGHT: 200%\"><span style=\"FONT-SIZE: 14pt; LINE-HEIGHT: 200%\">시대의 변화를 감지, 자신의 미의식과 조화로운 결합을 꾀하여</span></p>\n<p style=\"TEXT-ALIGN: center; LINE-HEIGHT: 200%\"><span style=\"FONT-SIZE: 14pt; LINE-HEIGHT: 200%\">감동적 작품제작을 하여 화단의 진입을 목표로 합니다.</span></p>\n<p style=\"TEXT-ALIGN: center; LINE-HEIGHT: 200%\"><strong><span style=\"FONT-SIZE: 16pt; LINE-HEIGHT: 200%\"></span></strong>&nbsp;</p>\n<p style=\"TEXT-ALIGN: center; LINE-HEIGHT: 200%\"><strong><span style=\"FONT-SIZE: 16pt; LINE-HEIGHT: 200%\"></span><span style=\"FONT-SIZE: 14pt\">&nbsp;* 중급 이상의 유화 특별반입니다.</span></strong></p>\n<p style=\"TEXT-ALIGN: center; LINE-HEIGHT: 200%\"><span style=\"FONT-SIZE: 14pt\">&nbsp;</span></p>\n<p style=\"TEXT-ALIGN: center; LINE-HEIGHT: 200%\"><span style=\"FONT-SIZE: 14pt\">※첫날 준비물<br>\n캔퍼스(10호 이내), 유화도구&nbsp;</span></p>\n<p style=\"TEXT-ALIGN: center; LINE-HEIGHT: 200%\"><span></span><span style=\"FONT-SIZE: 14pt\">&nbsp;</span></p>\n<p style=\"TEXT-ALIGN: center; LINE-HEIGHT: 200%\"><span style=\"FONT-SIZE: 14pt\">&lt; 준비물 &gt;</span></p>\n<p style=\"TEXT-ALIGN: center; LINE-HEIGHT: 200%\"><span style=\"FONT-SIZE: 14pt\">켄버스(10호), 유화물감, </span><span style=\"FONT-SIZE: 14pt\">파레트, </span><span style=\"FONT-SIZE: 14pt\">유화붓1세트. </span><span style=\"FONT-SIZE: 14pt\">아크릴붓 1세트, </span></p>\n<p style=\"TEXT-ALIGN: center; LINE-HEIGHT: 200%\"><span style=\"FONT-SIZE: 14pt\"></span><span style=\"FONT-SIZE: 14pt\">평붓, </span><span style=\"FONT-SIZE: 14pt\">용해재(리킨,페트롤)와 용기, 세척제</span><span style=\"FONT-SIZE: 14pt\">와</span><span style=\"FONT-SIZE: 14pt\"> 용기, 나이</span><span style=\"FONT-SIZE: 14pt\">프</span></p>\n<p style=\"LINE-HEIGHT: 200%\"><span style=\"FONT-SIZE: 14pt\">&nbsp;</span></p>\n<p style=\"LINE-HEIGHT: 200%\"><span style=\"FONT-SIZE: 14pt\">&nbsp;</span></p>\n<p style=\"LINE-HEIGHT: 200%\"><span style=\"FONT-SIZE: 14pt\">&nbsp;</span><span style=\"FONT-SIZE: 14pt\"></span></p>\n<p style=\"TEXT-ALIGN: left; LINE-HEIGHT: 200%\"><strong><span style=\"FONT-SIZE: 16pt; LINE-HEIGHT: 200%\"></span></strong><span style=\"FONT-SIZE: 14pt; LINE-HEIGHT: 200%\">※ 자녀 동반 불가합니다.&nbsp;&nbsp;<br>\n※ 선착순 마감되오니 사전 접수 바랍니다.</span></p>\n<p style=\"LINE-HEIGHT: 200%\"><strong><span style=\"FONT-SIZE: 14pt; FONT-FAMILY: 굴림; LINE-HEIGHT: 200%\"></span></strong>&nbsp;</p>\n<p style=\"LINE-HEIGHT: 200%\"><strong><span style=\"FONT-SIZE: 14pt; LINE-HEIGHT: 200%\">※롯데문화센터 환불 규정※</span></strong><span style=\"FONT-SIZE: 10pt; LINE-HEIGHT: 200%\"></span></p>\n<p style=\"LINE-HEIGHT: 200%\"><span style=\"FONT-SIZE: 14pt; LINE-HEIGHT: 200%\">(</span><span style=\"FONT-SIZE: 14pt; LINE-HEIGHT: 200%\">데스크 운영 시간 내 방문 및 유선 불가)</span><span style=\"FONT-SIZE: 14pt; LINE-HEIGHT: 200%\"><br>\n1. </span><span style=\"FONT-SIZE: 14pt; LINE-HEIGHT: 200%\">수업 당일 및 이후 방문시</span><span style=\"FONT-SIZE: 10pt; LINE-HEIGHT: 200%\"></span></p>\n<p style=\"LINE-HEIGHT: 200%\"><span style=\"FONT-SIZE: 14pt; LINE-HEIGHT: 200%\">&nbsp;&nbsp; </span><span style=\"FONT-SIZE: 14pt; LINE-HEIGHT: 200%\">평생교육법시행령 제23조 및 소비자 분쟁 해결 기준에 의거 차감</span><span style=\"FONT-SIZE: 10pt; LINE-HEIGHT: 200%\"></span></p><span style=\"FONT-SIZE: 14pt; LINE-HEIGHT: 200%\">\n<p style=\"TEXT-ALIGN: left; LINE-HEIGHT: 200%\"><span style=\"FONT-SIZE: 14pt\"></span><span style=\"FONT-SIZE: 14pt\">2. 1개월(4회) 기준 : 개강일 1일전 전액</span></p>\n<p style=\"TEXT-ALIGN: left; LINE-HEIGHT: 200%\"><span style=\"FONT-SIZE: 14pt\">&nbsp;강좌 1/3 경과 수업 1일전 2/3 금액</span></p>\n<p style=\"TEXT-ALIGN: left; LINE-HEIGHT: 200%\"><span style=\"FONT-SIZE: 14pt\">&nbsp;</span><span style=\"FONT-SIZE: 14pt\">강좌 1/2 경과 수업 1일전 1/2금액</span></p>\n<p style=\"TEXT-ALIGN: left; LINE-HEIGHT: 200%\"><span style=\"FONT-SIZE: 14pt\">&nbsp;수업 1/2 경과시 환불 불가</span></p></span>\n\n</div>','첫날 준비물: 캔퍼스(10호이내), 유화도구\n추후 필요 준비물: 켄버스(10호), 유화물감, 파레트, 유화붓1세트. 아크릴붓 1세트, 평붓, 용해재(리킨,페트롤)와 용기, 세척제와 용기, 나이프\n8/3, 8/10 휴강입니다.','','유성숙','2024-06-01','2024-08-31','토','10:00:00','14:00:00',12,15,250000,'2024-04-25','2024-05-31','2024-07-18 13:51:59'),(34,'접수중',3,9,'uploads\\course\\1721557112180_course030.jpg','유화교실','기초에서 정물, 풍경, 인물 까지 다양한 기법을 통한 유화 작품완성','<div class=\"info_img_txt\">\n									<p class=\"img\"><img class=\"only_pc\" src=\"https://culture.lotteshopping.com/files/CUL_ONL/2024/3/202403071108499720.jpeg\" alt=\"유화.jpeg\"><img class=\"only_mobile\" src=\"https://culture.lotteshopping.com/files/CUL_ONL/2024/3/202403071108499720.jpeg\" alt=\"유화.jpeg\"></p>\n														<div class=\"txt_box\">\n															&lt;강의 소개&gt;<br>자신에게 맞는 그림 표현과 다양한 기법에 대해 배워보고,<br>선택한 실기 도구로 자유롭게 표현하는 미술 수업입니다.<br><br>■ 첫 수업은 유화물품이 필요 없습니다. <br>■ 유화도구, 유화 보조용품 문의는 강사에게 문의해주시길 바랍니다.<br>■ 강사 연락처:  010-5129-7878</div>\n													</div>','유화도구, 유화 보조용품 문의는 강사에게 문의 바랍니다.','06/03(월) : 재료와 방법,실기 (유화재료준비)\n06/10(월) : 기본 도형\n06/17(월) : 기본 풍경\n06/24(월) : 이론과 실기\n07/01(월) : 유화 표현\n07/08(월) : 실기 및 이론\n07/15(월) : 정물화 그리기1\n07/22(월) : 정물화 그리기2\n07/29(월) : 풍경화 그리기1\n08/05(월) : 풍경화 그리기2\n08/12(월) : 풍경화 그리기\n08/19(월) : 인물화 그리기','이근택','2024-06-03','2024-08-19','월','14:00:00','16:00:00',12,15,120000,'2024-04-25','2024-05-31','2024-07-18 13:54:34'),(35,'접수중',3,9,'uploads\\course\\1722034163661_course031.jpg','회화-유화, 수채화, 아크릴','명모화, 정물, 인물등을 아름답게 표현할 수 있도록 하는 미술 수업','<div class=\"info_img_txt\">\n									<p class=\"img\"><img class=\"only_pc\" src=\"https://culture.lotteshopping.com/files/CUL_ONL/2024/3/202403261042515630.JPG\" alt=\"수채화.JPG\"><img class=\"only_mobile\" src=\"https://culture.lotteshopping.com/files/CUL_ONL/2024/3/202403261042515630.JPG\" alt=\"수채화.JPG\"></p>\n														<div class=\"txt_box\">\n															&lt;강의 내용&gt;<br>처음 배우는 그림인 만큼 어렵지 않고 쉽게 접할 수 있도록<br>명모화부터 정물, 인물 등을 캔버스에 아름답게 표현해봅시다.<br><br>※필요한 재료는 추후 상담 후 구매 가능합니다.</div>\n													</div>','첫 수업 준비물: 연필, 도화지 / 필요 재료는 추후 상담 후 구매','','호정아','2024-06-04','2024-08-20','화','14:00:00','16:00:00',12,15,150000,'2024-04-25','2024-05-31','2024-07-18 13:56:29'),(36,'접수중',3,9,'uploads\\course\\1721442177569_course032.jpg','유화 A','유화를 배울 수 있는 미술 강좌','<div class=\"info_img_txt\">\n									<p class=\"img\"><img class=\"only_pc\" src=\"https://culture.lotteshopping.com/files/CUL_ONL/2024/3/202403070219593390.JPG\" alt=\"유성숙.JPG\"><img class=\"only_mobile\" src=\"https://culture.lotteshopping.com/files/CUL_ONL/2024/3/202403070219593390.JPG\" alt=\"유성숙.JPG\"></p>\n														<div class=\"txt_box\">\n															&lt;강의 소개&gt;<br>감당할 수 없을 만큼 급격한 디지털화의 변화는<br>다양성으로 인하여 예술의 양상도 급격한 변화의 시대를 맞고 있다.<br><br>이러한 시대 속에서 아카데믹한 회화의 세계는<br>잠시나마 자신을 돌아보며 쉼을 갖게 한다.<br>독자적 미감각을 추구 개발하여 아름다운 작품제작에 목적을 둔다.<br><br>- 개인의 성향별 개인지도<br>- 매 학기에 2~3점 작품제작 (10호 이내)<br>- 미술사적으로 회화의 시대적 변화와 개괄적 이해<br>- 회구의 다양성과 재료의 이해<br><br>- 3개월 마지막 강의 시 작업한 작품을 비교 검토의 시간을 갖는다.</div>\n													</div>','첫날 준비물: 캔퍼스(10호이내), 유화도구\n추후 필요 준비물: 캔버스 (10회이내 2개) /물감(24색이상)/ 아크릴붓 1세트 /유화붓 1세트/빠레트/삼각나이프/기름통/붓세척액과 용기/ 캔버스용 집게 /휴지\n8/21 휴강','','유성숙','2024-06-05','2024-08-28','수','10:30:00','12:30:00',12,16,120000,'2024-04-25','2024-05-31','2024-07-18 13:58:00'),(37,'접수중',3,9,'uploads\\course\\1721365763198_course033.jpg','유하상의 서양화','서양화를 유화와 수채화로 배워보는 미술 수업','<div class=\"info_img_txt\">\n									<p class=\"img\"><img class=\"only_pc\" src=\"https://culture.lotteshopping.com/files/CUL_ONL/2024/3/202403200641443390.JPG\" alt=\"미술.JPG\"><img class=\"only_mobile\" src=\"https://culture.lotteshopping.com/files/CUL_ONL/2024/3/202403200641443390.JPG\" alt=\"미술.JPG\"></p>\n														<div class=\"txt_box\">\n															&lt;강의 내용&gt;<br>이론을 통해 기초를 쌓고<br>구도와 색채를 위한 감각을 배우며<br>작품을 만들어보는 수업입니다. <br><br>※ 첫 주 기초 실기 과정 이론수업으로 진행합니다.<br><br>신입회원분들의 경우 첫 수업에는 스케치북과 연필만 준비부탁드립니다.</div>\n													</div>','준비물: 개인 화구(유화물감, 캔버스, 붓, 파레트 등)\n신입회원분들의 경우 첫 수업에는 스케치북 (4절)과 4B연필만 준비부탁드립니다.\n6.13(목) 휴강 -> 8.29(목) 보강\n6.27(목) 휴강 -> 9.5(목) 보강','','유하상','2024-06-20','2024-09-05','목','13:00:00','15:00:00',10,6,120000,'2024-04-25','2024-06-12','2024-07-18 14:00:35'),(38,'접수중',3,9,'uploads\\course\\1722191997392_course034.jpg','[중간수강] NEW 유화·수채화 (기초부터 완성까지)','','<div class=\"info_img_txt\">\n									<p class=\"img\"><img class=\"only_pc\" src=\"https://culture.lotteshopping.com/files/CUL_ONL/2024/6/202406170424563110.jpg\" alt=\"2014-내마음속풍경,10P,유.jpg\"><img class=\"only_mobile\" src=\"https://culture.lotteshopping.com/files/CUL_ONL/2024/6/202406170424563110.jpg\" alt=\"2014-내마음속풍경,10P,유.jpg\"></p>\n														<div class=\"txt_box\">\n															&lt;강의 내용&gt;<br>예술 활동에 참여하는 것은 인지 기능과 기억력을 향상시키는 데 도움이 될 수 있습니다.<br>작품을 완성한다는 것은 보람있는 경험이 될 수 있고,<br>자신감과 자존감을 기르는 데 도움이 될 수 있습니다. <br><br>※ 처음 그림 시작하시는 분은 스케치북 5절지, 4B 연필, 지우개를 준비하시면 됩니다.<br>※ 기존 유화를 하시던 분은 하시던 재료나 하시던 작품을 가지고 오시면 됩니다.<br>※ 수채화하시는 분도 기존 작업이나 아르쉬지캔버스 준비해 오시면 됩니다<br><br>오현숙 강사<br>- 홍익대학교 미술대학원 회화과 졸업<br>- 한국미술협회 소속<br>- 23년 42회 대한민국미술대전 구상부문 심사위원</div>\n													</div>','처음 그림 시작하시는 분은 스케치북 5절지, 4B 연필, 지우개를 준비하시면 됩니다.\n준비물: 캔버스,유화물감,유화빠렛트,붓,리퀸(오일),붓세척제 - 유화 / 수채화 도구 - 수채화\n주차별 강의계획은 상황에 따라 변경될 수 있으며 개강일 반드시 확인부탁드립니다. :)','07/02(화) : 유화·수채화에 대한 이해(준비물)와 캔버스 밑색작업\n07/09(화) : 스케치 및 기본채색연습\n07/16(화) : 정물스케치 및 초벌채색 및 덧칠하기\n07/23(화) : 정물 정확하게 관찰하고 기법으로 채색\n07/30(화) : 정물화 완성과 마무리\n08/06(화) : 부분 ex) 바귀, 꽃, 나무.. 스케치 및 기초채색\n08/13(화) : 부분묘사 및 마무리\n08/20(화) : 캔버스 (밑색 작업 위) 풍경화 스케치','오현숙','2024-07-02','2024-08-20','화','10:00:00','12:00:00',8,5,80000,'2024-04-25','2024-07-01','2024-07-18 14:02:57'),(39,'접수중',3,9,'uploads\\course\\1721989099918_course035.jpg','[중간수강] 유화 B','유화를 배울 수 있는 미술 강좌','<div class=\"info_img_txt\">\n									<p class=\"img\"><img class=\"only_pc\" src=\"https://culture.lotteshopping.com/files/CUL_ONL/2024/7/202407100122452850.JPG\" alt=\"유성숙.JPG\"><img class=\"only_mobile\" src=\"https://culture.lotteshopping.com/files/CUL_ONL/2024/7/202407100122452850.JPG\" alt=\"유성숙.JPG\"></p>\n														<div class=\"txt_box\">\n															&lt;강의 소개&gt;<br>감당할 수 없을 만큼 급격한 디지털화의 변화는<br>다양성으로 인하여 예술의 양상도 급격한 변화의 시대를 맞고 있다.<br><br>이러한 시대 속에서 아카데믹한 회화의 세계는<br>잠시나마 자신을 돌아보며 쉼을 갖게 한다.<br>독자적 미감각을 추구 개발하여 아름다운 작품제작에 목적을 둔다.<br><br>- 개인의 성향별 개인지도<br>- 매 학기에 2~3점 작품제작 (10호 이내)<br>- 미술사적으로 회화의 시대적 변화와 개괄적 이해<br>- 회구의 다양성과 재료의 이해<br><br>- 3개월 마지막 강의 시 작업한 작품을 비교 검토의 시간을 갖는다.</div>\n													</div>','첫날 준비물: 캔퍼스(10호이내), 유화도구\n추후 필요 준비물: 캔버스 (10회이내 2개) /물감(24색이상)/ 아크릴붓 1세트 /유화붓 1세트/빠레트/삼각나이프/기름통/붓세척액과 용기/ 캔버스용 집게 /휴지\n8/21 휴강','','유성숙','2024-07-03','2024-08-28','수','13:00:00','15:00:00',8,1,80000,'2024-04-25','2024-07-10','2024-07-18 14:04:29'),(40,'접수중',3,9,'uploads\\course\\1721809804333_course036.jpg','[중간수강] NEW 유튜브 ART JACK 김재석의 힐링 서양화 실강','인기 그림 유튜버 김재석작가님의 직강','<div class=\"info_img_txt\">\n									<p class=\"img\"><img class=\"only_pc\" src=\"https://culture.lotteshopping.com/files/CUL_ONL/2024/6/202406160358139980.jpg\" alt=\"중간1AdobeStock_403545542.jpg\"><img class=\"only_mobile\" src=\"https://culture.lotteshopping.com/files/CUL_ONL/2024/6/202406160358139980.jpg\" alt=\"중간1AdobeStock_403545542.jpg\"></p>\n														<div class=\"txt_box\">\n															&lt;강의 내용&gt;<br>본 교육은 빛과 면의 예술인 서양화의 체계적 실기 교육과<br>그림그리기를 통한 정신적 힐링 목적으로 운영합니다.<br><br>미의식의 정서적 배양과 아름다움<br>인간 자아에 대한 내면적 정서와 생각의 표현에 주안점을 두고<br>개인이 가지고 있는 재능과 미의식을 표출하며<br>아름답고 풍요로운 삶의 견인차 역할을 합니다.<br><br>&lt;강사 소개&gt;<br>● 건국대학교 미대 졸업<br>● 한국수채화 협회, 한국 미술협회 이사<br>● 인기 유튜브 ART JACK 채널 운영</div>\n													</div>','준비물은 강의 첫날 강사와 상의 후 결정\n첫 날 준비물 : 기초가 필요한 분-스케치북 4절(200g이상), 4B연필, 지우개 > 명암과 형태의 이해\n첫 날 준비물 : 초급자 이상 - 수채화, 유화, 소묘 중 선택하여 준하는 재료준비 및 10호 이하 캠버스\n상황에 따라 주차별 강의계획은 변경될 수 있습니다.','07/04(목) : 연필 선연습, 자세교정, 연필그라데이션10단계\n07/11(목) : 투시도에 따른 육면체, 원근감에 입각한 기본 명암의 이해\n07/18(목) : 소묘 : 육면체, 수채화 : 혼색연습, 유화 : 혼색연습\n07/25(목) : 소묘 : 원기둥, 수채화 : 육면체 칠하기, 유화 : 바탕칠하기\n08/01(목) : 소묘 : 개체연결성, 수채화 : 그라데이션 및 강조기법, 유화 : 정물그리기1\n08/08(목) : 소묘 : 휴지, 수채화 : 정물그리기1(레몬,포도) 유화 : 정물 그리기2\n08/22(목) : 소묘 : 종이컵 or 백색 커피잔, 수채화 : 정물그리기2(사과, 화병), 유화 : 정물 그리기3\n08/29(목) : 소묘 : 우유각, 수채화 : 정물그리기3(배경처리 방법), 유화 : 정물 그리기4','김재석','2024-07-04','2024-08-29','목','10:00:00','12:00:00',8,6,80000,'2024-04-25','2024-07-03','2024-07-18 14:06:55'),(41,'접수중',3,9,'uploads\\course\\1721281480977_course037.jpg','[중간수강]유하상의 서양화','서양화를 유화와 수채화로 배워보는 미술 수업','<div class=\"info_img_txt\">\n									<p class=\"img\"><img class=\"only_pc\" src=\"https://culture.lotteshopping.com/files/CUL_ONL/2024/7/202407050252352940.JPG\" alt=\"미술.JPG\"><img class=\"only_mobile\" src=\"https://culture.lotteshopping.com/files/CUL_ONL/2024/7/202407050252352940.JPG\" alt=\"미술.JPG\"></p>\n														<div class=\"txt_box\">\n															&lt;강의 내용&gt;<br>이론을 통해 기초를 쌓고<br>구도와 색채를 위한 감각을 배우며<br>작품을 만들어보는 수업입니다. <br><br>※ 첫 주 기초 실기 과정 이론수업으로 진행합니다.<br><br>신입회원분들의 경우 첫 수업에는 스케치북과 연필만 준비부탁드립니다.</div>\n													</div>','준비물: 개인 화구(유화물감, 캔버스, 붓, 파레트 등)\n신입회원분들의 경우 첫 수업에는 스케치북 (4절)과 4B연필만 준비부탁드립니다.','','유하상','2024-07-11','2024-09-05','목','13:00:00','15:00:00',8,9,96000,'2024-04-25','2024-05-31','2024-07-18 14:08:27'),(42,'접수중',3,11,'uploads\\course\\1721972455656_course038.jpg','색연필 일러스트','색연필로 그리고자 하는 대상을 표현하는 수업','<div class=\"info_img_txt\">\n									<p class=\"img\"><img class=\"only_pc\" src=\"https://culture.lotteshopping.com/files/CUL_ONL/2024/3/202403211134097570.jpg\" alt=\"화면 캡처 2023-04-20 120422.jpg\"><img class=\"only_mobile\" src=\"https://culture.lotteshopping.com/files/CUL_ONL/2024/3/202403211134097570.jpg\" alt=\"화면 캡처 2023-04-20 120422.jpg\"></p>\n														<div class=\"txt_box\">\n															&lt;강의 내용&gt;<br>우리 생활에 친숙한 도구인 색연필로 도안을 이용하여<br>그리고자 하는 대상의 형태와 질감은 물론<br>소재에 따른 각각의 기법과 특징을 표현하며<br><br>그림에 대한 고정관념을 깨고 색연필 일러스트와<br>수채 색연필화(Ⅱ단계), 트레팔화까지(Ⅲ단계)<br>그림 그리기가 쉽고 재미있어지도록<br>자신감과 테크닉을 배우는데 교육의 목적을 둡니다.<br><br>※ 첫 시간은 준비물 필요 없습니다.</div>\n													</div>','첫 수업은 준비물 필요 없습니다.\n재료비: 60,000원 정도 / 파버카스텔 수성(수채)색연필 36색 또는 72색(전문가용,초록케이스), 캔손(canson) 엠보싱 수채 8절 스케치북, 연필깎기\n8/13 휴강 > 8/27 보강','06/04(화) : 오리엔테이션 - 강사소개, 색연필의 종류와 기법, 재료설명, 작품소개 / 2. 스트로크의 종류 및 기법연습\n06/11(화) : 스트로크 -그라데이션으로 스트로크하기, 강약조절하기 (원스트로크)\n06/18(화) : 원에 혼합스트로크 연습하기, 기초작품 도안옮겨 그리는 방법익히기\n06/25(화) : 기초작품 1 - 라운딩 기법으로 채색하기 (귤)\n07/02(화) : 기초작품 2 - 라운딩 기법으로 채색하기 (모자)\n07/09(화) : 기초작품 3 - 라운딩 기법으로 채색하기 (의자)\n07/16(화) : 기초작품 4 - 라운딩 기법으로 채색하기 (시계)\n07/23(화) : 응용작품 1 - 얇고 섬세하게 채색하기(토마토와 오이)\n07/30(화) : 응용작품 2 -모노톤으로 채색하여 강약조절하기(쓰레기통과 빵)\n08/06(화) : 응용작품 3- 하이라이트표현(지우기/강약조절/흰색으로 조절)(도넛)\n08/20(화) : 심화작품 1 (개인창작)\n08/27(화) : 심화작품 2 (개인창작) / feedback','정미궁','2024-06-04','2024-08-27','화','10:10:00','11:30:00',12,15,130000,'2024-04-25','2024-06-01','2024-07-18 14:11:24'),(43,'접수중',3,11,'uploads\\course\\1721481680171_course039.jpg','꽃그림 보타니컬 아트 수요','색연필로 꽃그림을 그려보는 미술 강좌','<div class=\"info_img_txt\">\n									<p class=\"img\"><img class=\"only_pc\" src=\"https://culture.lotteshopping.com/files/CUL_ONL/2024/3/202403070338476230.JPG\" alt=\"보타니컬.JPG\"><img class=\"only_mobile\" src=\"https://culture.lotteshopping.com/files/CUL_ONL/2024/3/202403070338476230.JPG\" alt=\"보타니컬.JPG\"></p>\n														<div class=\"txt_box\">\n															&lt;강의 내용&gt;<br>꽃그림을 누구나 그릴 수 있도록 연필부터 시작해 색연필까지<br>사용해 채색하는 방법을 습득하며,<br>보기만 하던 꽃을 내손으로 그릴 수 있다는 <br>자신감과 만족을 얻을 수 있도록 완성도 있는 그림을 그릴 수 있다.<br><br>■ 강의 첫날 미술도구 관련으로 강사님과 상담 후 다른 준비물 구매 (전문가용 색연필 등)<br>    - 추후 준비물: 72색 색연필, 연필깎이, 브러쉬, 제도지(별도 재료비 없음)</div>\n													</div>','준비물: 2H, HB, 2B 연필, 지우개, 8절 드로잉북 (첫 수업 시 필요)\n교재 : 꽃그림 작품으로 배우는 보타니컬 아트 [미진사] / 저자 권영애 외 다수 / 개별 구매','06/05(수) : 목련 그리기 / 꽃잎, 껍질의 솜털을 철펜으로 누르고 채색\n06/12(수) : 산더소니아 그리기 / 피지 않는 꽃봉오리 표현과 그라데이션 효과가 나도록 잎의 결을 따라 채색\n06/19(수) : 동자꽃 그리기 / 꽃술 하나하나의 음영을 세밀하게 표현하고, 마주한 잎과 줄기 부분의 명도 차이가 나도록 채색\n06/26(수) : 카라 그리기 / 잎맥을 먼저 눌러주고 채색 시작. 꽃의 곡선 채색은 화지를 돌려가며 표현\n07/03(수) : 은방울꽃 그리기 / 흰 꽃은 윤곽을 그리는 대신 배경에 잎사귀 색을 칠함으로써 형태를 만드는 표현\n07/10(수) : 연꽃 그리기 / 넓은 잎의 잎맥 표현을 우선으로 하고, 연밥에 음영을 주며 표현\n07/17(수) : 천남성 그리기 / 광선을 직접 받는 부분과 받지 못하는 부분에 명도 차를 두어 열매를 그림\n07/24(수) : 금부꽃 그리기 / 주름 없는 잎의 표현과 피랍만으로 한 가지 색으로 여러 단계의 명도 조절\n07/31(수) : 펜지 그리기 / 각기 다른 꽃의 초벌 색을 빈틈없이 칠하며 다양하게 그리는 방법\n08/07(수) : 얼레지 그리기 / 꽃잎 한 장마다 결에 맞게 표현, 수술 머리 꽃방에 돌려 칠하기 기법 사용\n08/14(수) : 용담 그리기 / 꽃잎에 흩어져 있는 점을 철펜으로','김은경','2024-06-05','2024-08-14','수','13:40:00','15:40:00',11,23,130000,'2024-04-25','2024-05-31','2024-07-18 14:14:44'),(44,'접수중',3,11,'uploads\\course\\1722109414162_course040.jpg','꽃그림 보타니컬 아트 목요','아름다운 꽃을 색연필로 채색하는 미술 강좌','<div class=\"info_img_txt\">\n									<p class=\"img\"><img class=\"only_pc\" src=\"\" alt=\"\"><img class=\"only_mobile\" src=\"\" alt=\"\"></p>\n														<div class=\"txt_box\">\n															&lt;강의 내용&gt;<br><br>아름다운 꽃을 누구나 그릴 수 있도록,<br>접근하기 용이한 연필부터 시작하여<br>색이 있는 색연필로 채색하고 완성도 높은 그림을 그립니다.</div>\n													</div>','준비물: 8절 스케치북, 4B연필, 칼, 지우개\n교재: 「오늘 당신이 만나는 꽃 그림: 보태니컬아트, 이계형 저」 / 교재 개별 구입','','이계형','2024-06-13','2024-08-22','목','15:00:00','17:00:00',10,20,150000,'2024-04-25','2024-05-31','2024-07-18 14:16:21'),(45,'접수중',3,11,'uploads\\course\\1722171403905_course041.jpg','[중간수강] 연필 색연필 인물화','연필과 색연필로 인물화를 그리는 미술 강좌','<div class=\"info_img_txt\">\n									<p class=\"img\"><img class=\"only_pc\" src=\"https://culture.lotteshopping.com/files/CUL_ONL/2024/6/202406170410078490.jpeg\" alt=\"연필화.jpeg\"><img class=\"only_mobile\" src=\"https://culture.lotteshopping.com/files/CUL_ONL/2024/6/202406170410078490.jpeg\" alt=\"연필화.jpeg\"></p>\n														<div class=\"txt_box\">\n															&lt;강의 내용&gt;<br>연필 스케치를 시작으로 색연필까지의 과정을<br>기초부터 하나씩 배울 수 있는 색연필 인물화 수업으로<br>다양한 기법을 사용하여 사진에서 느낄 수 없는<br>연필화의 매력을 표현할 수 있습니다.<br><br>※ 본 수업은 강의진도에 따라 변경될 수 있습니다.</div>\n													</div>','준비물: 8절 스케치북, 커터칼, 지우개, 4B연필\n교재비: 20,000원 / 강사 납부 및 신규 회원 등록 한정\n주차별 강의계획은 상황에 따라 변경될 수 있으며 개강일 반드시 확인부탁드립니다. :)','07/01(월) : 샘플보고 눈 그리기\n07/08(월) : 샘플보고 눈 그리기\n07/15(월) : 샘플보고 코 그리기\n07/22(월) : 샘플보고 코 그리기\n07/29(월) : 샘플보고 입 그리기 시범\n08/05(월) : 샘플보고 입 그리기\n08/12(월) : 머리카락 그리기\n08/19(월) : 구도 잡는 법 1','박진우','2024-07-01','2024-08-19','월','13:20:00','15:20:00',8,10,80000,'2024-04-25','2024-06-30','2024-07-18 14:18:48'),(46,'접수중',3,12,'uploads\\course\\1721306297414_course042.jpg','안희영의 연필소묘와 채색화','연필 스케치로 다양한 주제를 그려보는 미술 강좌','<div class=\"info_img_txt\">\n									<p class=\"img\"><img class=\"only_pc\" src=\"https://culture.lotteshopping.com/files/CUL_ONL/2024/3/202403210110112240.jpg\" alt=\"20190926_202227정물 석류.jpg\"><img class=\"only_mobile\" src=\"https://culture.lotteshopping.com/files/CUL_ONL/2024/3/202403210110112240.jpg\" alt=\"20190926_202227정물 석류.jpg\"></p>\n														<div class=\"txt_box\">\n															&lt;강의 내용&gt;<br>채색그림 (수채 , 아크릴, 한국채색)<br><br>다양한 분야 형태와 색채를 관찰, 스케치, 세부묘사, 안료(수성물감 - 수차, 아크릴, 한국채색)를 <br>활용한 채색에 이르기 까지 단계별로 다양한 표현으로 <br>쉽고 재미있게 완성 하게하며, 더 나아가 재미있는 재료를 활용하여 <br>개인의 창의성을 발휘 할 수 있도록 발전 시켜 드릴 수 있습니다<br><br>※ 연필소묘 재료와 채색재료 모두 필요하나 첫 수업은 연필소묘 재료만 필요합니다.<br> 이후 채색 재료 지참해주시길 바랍니다. (채색 재료는 첫 날 수업 진행 후 결정)</div>\n													</div>','스케치북 (5절, 4절) , 4B 연필, 지우개 , 칼 ( 첨부 재료: 2B연필, 수채색 연필)\n채색재료 (수성물감 - 수채물감 , 아크릴 물감, 한국채색물감, 붓, 파레트, 물통 등)\n첫 수업은 연필소묘 재료만 필요, 2주차 이후 채색 재료 지참 (채색재료는 첫 날 수업 진행 후 결정합니다. )','06/05(수) : 채색 재료 준비 확인 및 재료 도구 사용 법 알아보기\n06/12(수) : 물감 및 바탕지 특성 알아보기, 색 명 , 붓 쥐는 법 , 터치 기법 익히기\n06/19(수) : 다양한 물감 발색 및 물 농도 조절해서 붓으로 터치 다루는 법 익히기\n06/26(수) : 습식, 건식 등 여러 가지 기법으로 표현해 보고 익히기\n07/03(수) : 개별 사물 형상 파악 묘사 해보고 밑그림 스케치 그리기\n07/10(수) : 개별 사물 채색 1,2 단계 붓 터치로 실전 묘사 익히기\n07/17(수) : 개별 사물 채색 3, 4, 5 단계 붓 터치로 실전 묘사 익히기\n07/24(수) : 개별 사물 채색 밀도 있게 완성해보기 \n07/31(수) : 여러 실재 사물 구도 잡고 밑그림 스케치 명암 넣기\n08/07(수) : 여러 실재 사물 순차적 채색 들어가기 ( 1, 2단계)\n08/14(수) : 여러 실재 사물 순차적 밀도 있게 채색 들어가기 (3, 4, 5 단계)\n08/21(수) : 수업 마무리','안희영','2024-06-05','2024-08-21','수','16:40:00','18:40:00',12,15,120000,'2024-04-25','2024-05-31','2024-07-18 14:21:50'),(47,'접수중',3,12,'uploads\\course\\1721371788418_course043.jpg','수채화','수채화의 스케치부터 채색까지 배워보는 미술 수업','<div class=\"info_img_txt\">\n									<p class=\"img\"><img class=\"only_pc\" src=\"https://culture.lotteshopping.com/files/CUL_ONL/2024/3/202403230529550320.JPG\" alt=\"수채화.JPG\"><img class=\"only_mobile\" src=\"https://culture.lotteshopping.com/files/CUL_ONL/2024/3/202403230529550320.JPG\" alt=\"수채화.JPG\"></p>\n														<div class=\"txt_box\">\n															&lt;수채화&gt;<br>스케치와 채색 기법에서부터<br>농담의 차이와 빛의 흐름을 보는 법까지<br>천천히 배워보며 작품을 만들어보는 수업입니다.</div>\n													</div>','첫 날 준비물 : 스케치북, 4B 연필, 지우개\n그 외 준비물은 첫 수업날 강사님과 논의 후 개별 구매부탁드립니다.','','현귀숙','2024-06-07','2024-08-23','금','10:20:00','12:20:00',12,16,120000,'2024-04-25','2024-05-31','2024-07-18 14:29:08'),(48,'접수중',3,12,'uploads\\course\\1721737359878_course044.jpg','[중간수강] 명화 감성으로 그리는 인물화 일러스트','그림에 분위기를 담는 수채 인물화 일러스트','<div class=\"info_img_txt\">\n									<p class=\"img\"><img class=\"only_pc\" src=\"https://culture.lotteshopping.com/files/CUL_ONL/2024/6/202406160444317400.JPG\" alt=\"수채화 인물화.JPG\"><img class=\"only_mobile\" src=\"https://culture.lotteshopping.com/files/CUL_ONL/2024/6/202406160444317400.JPG\" alt=\"수채화 인물화.JPG\"></p>\n														<div class=\"txt_box\">\n															&lt;강의 내용&gt;<br>그림에 분위기를 담는 수채 인물화 일러스트 수업입니다.<br>인체 구조를 이해한 후 진행되는 연필 스케치와 수채 물감을 사용한<br>명화 감성의 몽환적인 수채 인물화 일러스트를 그려봅니다.<br><br>인물이 지닌 색감과 깊은 감정을 표현하는 데 집중하여,<br>저마다 이야기를 담은 그림을 그립니다.</div>\n													</div>','준비물: 연필, 스케치북 (수채 준비물은 첫 수업 공지)\n주차별 강의계획은 상황에 따라 변경될 수 있습니다.','06/27(목) : [오리엔테이션] 재료 소개, Before 그림\n07/04(목) : 인체 구조를 이해한 라인 드로잉\n07/11(목) : 사진 참고해 인물 그리기 (얼굴)\n07/18(목) : 사진 참고해 인물 그리기 (포즈)\n07/25(목) : 사진 참고해 인물 그리기 (컬러 구성법)\n08/01(목) : 사진 참고해 인물 그리기 (옷 표현)\n08/08(목) : 사진 참고해 인물 그리기 (오브제)\n08/22(목) : 사진 참고해 인물 그리기 (빛과 그림자)','미몽','2024-06-27','2024-08-22','목','12:40:00','14:40:00',8,4,96000,'2024-04-25','2024-06-26','2024-07-18 14:31:26'),(49,'접수중',3,1,'uploads\\course\\1721301972028_course045.jpg','[중간수강]생각그리기 - 수채화,아크릴,유화 etc B','생각그리기 - 수채화, 아크릴, 유화, etc_','<div class=\"info_img_txt\">\n									<p class=\"img\"><img class=\"only_pc\" src=\"https://culture.lotteshopping.com/files/CUL_ONL/2024/6/202406180426306120.jpeg\" alt=\"페인팅.jpeg\"><img class=\"only_mobile\" src=\"https://culture.lotteshopping.com/files/CUL_ONL/2024/6/202406180426306120.jpeg\" alt=\"페인팅.jpeg\"></p>\n														<div class=\"txt_box\">\n															&lt;강의 내용&gt;<br>수채화. 아크릴. 유화등을 통하여 그림의 제작과정을 이해하고, <br>미술의 기본적인 원리를 익히고 경험하며 <br>수강자의 소질을 계발하고 미술 전반의 이해력을 높이는 강좌입니다.<br><br>※ 실습위주로 진행되며 매 수업마다 약간의 조형원리를 강의하여 이론적인 체계를 정립합니다.<br>※ 실기 경험이 있는 수강생은 자신이 원하는 소재를 실습하며 점차 작품의 완성도를 높입니다.<br>※ 초보자는 기초부터 배우며  강의는 초보자를 가정하여 내용을 준비했습니다.</div>\n													</div>','준비물 : 연필, 드로잉 북\n강사님과 상담 후 하고 싶은 작품 선택 후 개별 재료 구매','','조연','2024-06-30','2024-08-18','일','12:30:00','15:00:00',8,7,100000,'2024-04-25','2024-06-26','2024-07-18 14:32:43'),(50,'접수중',3,12,'uploads\\course\\1721497513158_course046.jpg','[중간수강]생각그리기 - 수채화,아크릴,유화 etc A','생각그리기 - 수채화, 아크릴, 유화, etc_','<div class=\"info_img_txt\">\n									<p class=\"img\"><img class=\"only_pc\" src=\"https://culture.lotteshopping.com/files/CUL_ONL/2024/6/202406180426305500.jpeg\" alt=\"페인팅.jpeg\"><img class=\"only_mobile\" src=\"https://culture.lotteshopping.com/files/CUL_ONL/2024/6/202406180426305500.jpeg\" alt=\"페인팅.jpeg\"></p>\n														<div class=\"txt_box\">\n															&lt;강의 내용&gt;<br>수채화. 아크릴. 유화등을 통하여 그림의 제작과정을 이해하고, <br>미술의 기본적인 원리를 익히고 경험하며 <br>수강자의 소질을 계발하고 미술 전반의 이해력을 높이는 강좌입니다.<br><br>※ 실습위주로 진행되며 매 수업마다 약간의 조형원리를 강의하여 이론적인 체계를 정립합니다.<br>※ 실기 경험이 있는 수강생은 자신이 원하는 소재를 실습하며 점차 작품의 완성도를 높입니다.<br>※ 초보자는 기초부터 배우며  강의는 초보자를 가정하여 내용을 준비했습니다.</div>\n													</div>','준비물 : 연필, 드로잉북\n강사님과 상담 후 하고 싶은 작품 선택 후 개별 재료 구매','','조연','2024-06-30','2024-08-18','일','09:30:00','12:00:00',8,3,100000,'2024-04-25','2024-06-26','2024-07-18 14:34:17');
/*!40000 ALTER TABLE `course` ENABLE KEYS */;
UNLOCK TABLES;
/*!40103 SET TIME_ZONE=@OLD_TIME_ZONE */;

/*!40101 SET SQL_MODE=@OLD_SQL_MODE */;
/*!40014 SET FOREIGN_KEY_CHECKS=@OLD_FOREIGN_KEY_CHECKS */;
/*!40014 SET UNIQUE_CHECKS=@OLD_UNIQUE_CHECKS */;
/*!40101 SET CHARACTER_SET_CLIENT=@OLD_CHARACTER_SET_CLIENT */;
/*!40101 SET CHARACTER_SET_RESULTS=@OLD_CHARACTER_SET_RESULTS */;
/*!40101 SET COLLATION_CONNECTION=@OLD_COLLATION_CONNECTION */;
/*!40111 SET SQL_NOTES=@OLD_SQL_NOTES */;

-- Dump completed on 2024-07-18 15:24:04
