-- MySQL dump 10.13  Distrib 8.0.36, for Win64 (x86_64)
--
-- Host: localhost    Database: hrdb2019
-- ------------------------------------------------------
-- Server version	8.0.37

/*!40101 SET @OLD_CHARACTER_SET_CLIENT=@@CHARACTER_SET_CLIENT */;
/*!40101 SET @OLD_CHARACTER_SET_RESULTS=@@CHARACTER_SET_RESULTS */;
/*!40101 SET @OLD_COLLATION_CONNECTION=@@COLLATION_CONNECTION */;
/*!50503 SET NAMES utf8 */;
/*!40103 SET @OLD_TIME_ZONE=@@TIME_ZONE */;
/*!40103 SET TIME_ZONE='+00:00' */;
/*!40014 SET @OLD_UNIQUE_CHECKS=@@UNIQUE_CHECKS, UNIQUE_CHECKS=0 */;
/*!40014 SET @OLD_FOREIGN_KEY_CHECKS=@@FOREIGN_KEY_CHECKS, FOREIGN_KEY_CHECKS=0 */;
/*!40101 SET @OLD_SQL_MODE=@@SQL_MODE, SQL_MODE='NO_AUTO_VALUE_ON_ZERO' */;
/*!40111 SET @OLD_SQL_NOTES=@@SQL_NOTES, SQL_NOTES=0 */;

--
-- Table structure for table `location`
--

DROP TABLE IF EXISTS `location`;
/*!40101 SET @saved_cs_client     = @@character_set_client */;
/*!50503 SET character_set_client = utf8mb4 */;
CREATE TABLE `location` (
  `loc_id` int NOT NULL AUTO_INCREMENT,
  `type` varchar(10) NOT NULL,
  `name` varchar(20) NOT NULL,
  `addr` varchar(200) NOT NULL,
  `addr_detail` varchar(200) NOT NULL,
  `tel` varchar(20) DEFAULT NULL,
  `lat` float DEFAULT NULL,
  `lng` float DEFAULT NULL,
  `reg_date` datetime NOT NULL,
  PRIMARY KEY (`loc_id`)
) ENGINE=InnoDB AUTO_INCREMENT=13 DEFAULT CHARSET=utf8mb4 COLLATE=utf8mb4_0900_ai_ci;
/*!40101 SET character_set_client = @saved_cs_client */;

--
-- Dumping data for table `location`
--

LOCK TABLES `location` WRITE;
/*!40000 ALTER TABLE `location` DISABLE KEYS */;
INSERT INTO `location` VALUES (1,'서울점','잠실점','서울 송파구 올림픽로 240','롯데백화점 잠실점 12층','02-411-5785',37.5113,127.098,'2024-07-02 17:34:00'),(2,'서울점','본점','서울 중구 소공동 1','롯데백화점 지하1층','02-726-4151~2',37.5648,126.981,'2024-07-02 17:34:35'),(3,'서울점','강남점','서울 강남구 선릉로62길 28','롯데백화점 강남점 문화센터 데스크 : 3층','02-531-2100',37.4976,127.055,'2024-07-02 17:35:17'),(4,'서울점','건대스타시티점','서울 광진구 능동로 92','롯데백화점 건대스타시티점 스타시티몰 3층','02-2218-2760~1',37.539,127.071,'2024-07-02 17:35:55'),(5,'수도권점','인천점','인천 미추홀구 연남로 35','롯데백화점 인천점 5층 문화센터','032-242-2930~1',37.4425,126.702,'2024-07-02 17:38:03'),(6,'수도권점','동탄점','경기 화성시 동탄역로 160','롯데백화점 동탄점 B2F','031-8036-2403~4',37.2007,127.098,'2024-07-02 17:38:41'),(7,'수도권점','구리점','경기 구리시 경춘로 261','롯데백화점 구리점 9층 문화센터','031-550-7700',37.6027,127.144,'2024-07-02 17:39:35'),(8,'수도권점','분당점','경기 성남시 분당구 황새울로200번길 45','롯데백화점 분당점 7층','031-738-2700',37.3784,127.114,'2024-07-02 17:40:15'),(9,'지방점','부산본점','부산 부산진구 가야대로 772','롯데백화점 부산본점 11층','051-810-2351~2',35.1568,129.056,'2024-07-02 17:40:58'),(10,'지방점','광복점','부산 중구 중앙대로 2','롯데백화점 광복점 아쿠아몰 10층','051-678-2351~3',35.098,129.037,'2024-07-02 17:41:31'),(11,'지방점','광주점','광주 동구 독립로 268','롯데백화점 광주점 11층','062-221-1811~2',35.1546,126.912,'2024-07-02 17:42:02'),(12,'지방점','대구점','대구 북구 태평로 161','롯데백화점 대구점 10층','053-660-1132~3',35.8759,128.596,'2024-07-02 17:42:34');
/*!40000 ALTER TABLE `location` ENABLE KEYS */;
UNLOCK TABLES;

--
-- Table structure for table `location_slide`
--

DROP TABLE IF EXISTS `location_slide`;
/*!40101 SET @saved_cs_client     = @@character_set_client */;
/*!50503 SET character_set_client = utf8mb4 */;
CREATE TABLE `location_slide` (
  `img_id` int NOT NULL AUTO_INCREMENT,
  `loc_id` int NOT NULL,
  `img_path` varchar(200) NOT NULL,
  PRIMARY KEY (`img_id`),
  KEY `fk_location_slide_loc_id` (`loc_id`),
  CONSTRAINT `fk_location_slide_loc_id` FOREIGN KEY (`loc_id`) REFERENCES `location` (`loc_id`)
) ENGINE=InnoDB AUTO_INCREMENT=61 DEFAULT CHARSET=utf8mb4 COLLATE=utf8mb4_0900_ai_ci;
/*!40101 SET character_set_client = @saved_cs_client */;

--
-- Dumping data for table `location_slide`
--

LOCK TABLES `location_slide` WRITE;
/*!40000 ALTER TABLE `location_slide` DISABLE KEYS */;
INSERT INTO `location_slide` VALUES (1,1,'uploads\\location\\1720376260131_jamsil_001.jpg'),(2,1,'uploads\\location\\1720102361049_jamsil_002.jpg'),(3,1,'uploads\\location\\1720884984279_jamsil_003.jpg'),(4,1,'uploads\\location\\1720578616963_jamsil_004.jpg'),(5,1,'uploads\\location\\1720159114833_jamsil_005.jpg'),(6,2,'uploads\\location\\1720177519670_ori_001.jpg'),(7,2,'uploads\\location\\1720335371759_ori_002.jpg'),(8,2,'uploads\\location\\1720048651485_ori_004.jpg'),(9,2,'uploads\\location\\1720544507999_ori_005.jpg'),(10,2,'uploads\\location\\1719927641247_ori_003.jpg'),(11,3,'uploads\\location\\1719956508303_gangname_001.jpg'),(12,3,'uploads\\location\\1720722593955_gangname_002.jpg'),(13,3,'uploads\\location\\1720152906244_gangname_003.jpg'),(14,3,'uploads\\location\\1720627730496_gangname_004.jpg'),(15,3,'uploads\\location\\1720516015393_gangname_005.jpg'),(16,4,'uploads\\location\\1720798056744_starcity_001.jpg'),(17,4,'uploads\\location\\1720525264894_starcity_002.jpg'),(18,4,'uploads\\location\\1720671297567_starcity_003.jpg'),(19,4,'uploads\\location\\1720023092948_starcity_004.jpg'),(20,4,'uploads\\location\\1720621566158_starcity_005.jpg'),(21,5,'uploads\\location\\1720151600813_incheon_001.jpg'),(22,5,'uploads\\location\\1720889464932_incheon_002.jpg'),(23,5,'uploads\\location\\1719997607951_incheon_003.jpg'),(24,5,'uploads\\location\\1720107095017_incheon_004.jpg'),(25,5,'uploads\\location\\1720332025472_incheon_005.jpg'),(26,6,'uploads\\location\\1720419275587_dongtan_001.jpg'),(27,6,'uploads\\location\\1720703821404_dongtan_002.jpg'),(28,6,'uploads\\location\\1720362486125_dongtan_003.jpg'),(29,6,'uploads\\location\\1720424888024_dongtan_004.jpg'),(30,6,'uploads\\location\\1720550159718_dongtan_005.jpg'),(31,7,'uploads\\location\\1719926942936_guri_001.jpg'),(32,7,'uploads\\location\\1720419800037_guri_002.jpg'),(33,7,'uploads\\location\\1720068886940_guri_003.jpg'),(34,7,'uploads\\location\\1720622760060_guri_004.jpg'),(35,7,'uploads\\location\\1720400504693_guri_005.jpg'),(36,8,'uploads\\location\\1720233430133_bundang_002.jpg'),(37,8,'uploads\\location\\1720250528787_bundang_004.jpg'),(38,8,'uploads\\location\\1720300181599_bundang_005.jpg'),(39,8,'uploads\\location\\1720121549894_bundang_001.jpg'),(40,8,'uploads\\location\\1720448576724_bundang_003.jpg'),(41,9,'uploads\\location\\1720595528622_busan_001.jpg'),(42,9,'uploads\\location\\1719923108254_busan_002.jpg'),(43,9,'uploads\\location\\1720584125897_busan_003.jpg'),(44,9,'uploads\\location\\1719970193723_busan_004.jpg'),(45,9,'uploads\\location\\1720379177701_busan_005.jpg'),(46,10,'uploads\\location\\1720212832345_gwangbok_001.jpg'),(47,10,'uploads\\location\\1720161680147_gwangbok_002.jpg'),(48,10,'uploads\\location\\1720277267133_gwangbok_003.jpg'),(49,10,'uploads\\location\\1720902496562_gwangbok_004.jpg'),(50,10,'uploads\\location\\1720586008439_gwangbok_005.jpg'),(51,11,'uploads\\location\\1720750645972_gwangju_001.jpg'),(52,11,'uploads\\location\\1720790334932_gwangju_002.jpg'),(53,11,'uploads\\location\\1720695843857_gwangju_003.jpg'),(54,11,'uploads\\location\\1720019495199_gwangju_004.jpg'),(55,11,'uploads\\location\\1720030404235_gwangju_005.jpg'),(56,12,'uploads\\location\\1720192948409_daegu_001.jpg'),(57,12,'uploads\\location\\1720180153652_daegu_002.jpg'),(58,12,'uploads\\location\\1720544202089_daegu_003.jpg'),(59,12,'uploads\\location\\1720875506689_daegu_004.jpg'),(60,12,'uploads\\location\\1719919355838_daegu_005.jpg');
/*!40000 ALTER TABLE `location_slide` ENABLE KEYS */;
UNLOCK TABLES;

--
-- Table structure for table `noti_event`
--

DROP TABLE IF EXISTS `noti_event`;
/*!40101 SET @saved_cs_client     = @@character_set_client */;
/*!50503 SET character_set_client = utf8mb4 */;
CREATE TABLE `noti_event` (
  `bid` int NOT NULL AUTO_INCREMENT,
  `loc_id` int NOT NULL,
  `isMust` tinyint(1) NOT NULL,
  `title` varchar(200) NOT NULL,
  `content` text NOT NULL,
  `reg_date` datetime NOT NULL,
  `type` varchar(8) NOT NULL,
  PRIMARY KEY (`bid`),
  KEY `fk_noti_event_loc_id` (`loc_id`),
  CONSTRAINT `fk_noti_event_loc_id` FOREIGN KEY (`loc_id`) REFERENCES `location` (`loc_id`)
) ENGINE=InnoDB AUTO_INCREMENT=16 DEFAULT CHARSET=utf8mb4 COLLATE=utf8mb4_0900_ai_ci;
/*!40101 SET character_set_client = @saved_cs_client */;

--
-- Dumping data for table `noti_event`
--

LOCK TABLES `noti_event` WRITE;
/*!40000 ALTER TABLE `noti_event` DISABLE KEYS */;
INSERT INTO `noti_event` VALUES (1,2,1,'24년 여름학기 안내','<div class=\"txt\">\n								<p style=\"color: rgba(0, 0, 0, 0.8); font-family: NotoSans_Regular, \'\'맑은 고딕\'\', \'\'Malgun Gothic\'\', sans-serif; font-size: 16px; background-color: rgb(253, 250, 247); text-align: center;\"><strong><span style=\"font-size: 18pt; color: rgb(0, 0, 0);\">24년 여름학기&nbsp;안내</span></strong></p>\n<p style=\"color: rgba(0, 0, 0, 0.8); font-family: NotoSans_Regular, \'\'맑은 고딕\'\', \'\'Malgun Gothic\'\', sans-serif; font-size: 16px; background-color: rgb(253, 250, 247); text-align: center;\"><strong><span style=\"font-size: 18pt; color: rgb(255, 153, 0);\"></span></strong>&nbsp;</p>\n<p style=\"color: rgba(0, 0, 0, 0.8); font-family: NotoSans_Regular, \'\'맑은 고딕\'\', \'\'Malgun Gothic\'\', sans-serif; font-size: 16px; background-color: rgb(253, 250, 247); text-align: center;\"><strong><span style=\"font-size: 18pt; color: rgb(255, 153, 0);\"></span></strong><span style=\"font-size: 14pt;\">&nbsp;</span></p>\n<p style=\"color: rgba(0, 0, 0, 0.8); font-family: NotoSans_Regular, \'\'맑은 고딕\'\', \'\'Malgun Gothic\'\', sans-serif; font-size: 16px; background-color: rgb(253, 250, 247); text-align: center;\"><span style=\"font-size: 14pt; background-color: rgb(255, 229, 153);\">지역별 접수기간</span></p>\n<p style=\"color: rgba(0, 0, 0, 0.8); font-family: NotoSans_Regular, \'\'맑은 고딕\'\', \'\'Malgun Gothic\'\', sans-serif; font-size: 16px; background-color: rgb(253, 250, 247); text-align: center;\">&nbsp;</p>\n<p style=\"color: rgba(0, 0, 0, 0.8); font-family: NotoSans_Regular, \'\'맑은 고딕\'\', \'\'Malgun Gothic\'\', sans-serif; font-size: 16px; background-color: rgb(253, 250, 247); text-align: center;\">&nbsp;</p>\n<p style=\"color: rgba(0, 0, 0, 0.8); font-family: NotoSans_Regular, \'\'맑은 고딕\'\', \'\'Malgun Gothic\'\', sans-serif; font-size: 16px; background-color: rgb(253, 250, 247); text-align: center;\"><span style=\"font-size: 14pt; background-color: rgb(207, 226, 243);\">[수도권점]</span></p>\n<p style=\"color: rgba(0, 0, 0, 0.8); font-family: NotoSans_Regular, \'\'맑은 고딕\'\', \'\'Malgun Gothic\'\', sans-serif; font-size: 16px; background-color: rgb(253, 250, 247); text-align: center;\"><span style=\"font-size: 14pt;\">&nbsp;</span></p>\n<p style=\"color: rgba(0, 0, 0, 0.8); font-family: NotoSans_Regular, \'\'맑은 고딕\'\', \'\'Malgun Gothic\'\', sans-serif; font-size: 16px; background-color: rgb(253, 250, 247); text-align: center;\"><span style=\"font-size: 14pt;\">기존회원: 2024.4.24&nbsp;(수) 10:30~ 선착순 마감</span><span style=\"font-size: 14pt;\"></span></p>\n<p style=\"color: rgba(0, 0, 0, 0.8); font-family: NotoSans_Regular, \'\'맑은 고딕\'\', \'\'Malgun Gothic\'\', sans-serif; font-size: 16px; background-color: rgb(253, 250, 247); text-align: center;\">&nbsp;</p>\n<p style=\"color: rgba(0, 0, 0, 0.8); font-family: NotoSans_Regular, \'\'맑은 고딕\'\', \'\'Malgun Gothic\'\', sans-serif; font-size: 16px; background-color: rgb(253, 250, 247); text-align: center;\"><span style=\"font-size: 14pt;\">신규회원:&nbsp;2024.4.25&nbsp;(목) 10:30~ 선착순 마감</span></p>\n<p style=\"color: rgba(0, 0, 0, 0.8); font-family: NotoSans_Regular, \'\'맑은 고딕\'\', \'\'Malgun Gothic\'\', sans-serif; font-size: 16px; background-color: rgb(253, 250, 247); text-align: center;\"><span style=\"font-size: 14pt;\">&nbsp;</span></p>\n<p style=\"color: rgba(0, 0, 0, 0.8); font-family: NotoSans_Regular, \'\'맑은 고딕\'\', \'\'Malgun Gothic\'\', sans-serif; font-size: 16px; background-color: rgb(253, 250, 247); text-align: center;\"><span style=\"font-size: 14pt;\">&nbsp;</span></p>\n<p style=\"color: rgba(0, 0, 0, 0.8); font-family: NotoSans_Regular, \'\'맑은 고딕\'\', \'\'Malgun Gothic\'\', sans-serif; font-size: 16px; background-color: rgb(253, 250, 247); text-align: center;\"><span style=\"font-size: 14pt;\">기존회원할인 10% (4.24~5.14)</span></p>\n<p style=\"color: rgba(0, 0, 0, 0.8); font-family: NotoSans_Regular, \'\'맑은 고딕\'\', \'\'Malgun Gothic\'\', sans-serif; font-size: 16px; background-color: rgb(253, 250, 247); text-align: center;\"><span style=\"font-size: 14pt;\">&nbsp;</span></p>\n<p style=\"color: rgba(0, 0, 0, 0.8); font-family: NotoSans_Regular, \'\'맑은 고딕\'\', \'\'Malgun Gothic\'\', sans-serif; font-size: 16px; background-color: rgb(253, 250, 247); text-align: center;\"><span style=\"font-size: 14pt;\">8주 이상 정기강좌, 최대 2강좌에 한함</span></p>\n<p style=\"color: rgba(0, 0, 0, 0.8); font-family: NotoSans_Regular, \'\'맑은 고딕\'\', \'\'Malgun Gothic\'\', sans-serif; font-size: 16px; background-color: rgb(253, 250, 247); text-align: center;\"><span style=\"font-size: 14pt;\">&nbsp;</span></p>\n<p style=\"color: rgba(0, 0, 0, 0.8); font-family: NotoSans_Regular, \'\'맑은 고딕\'\', \'\'Malgun Gothic\'\', sans-serif; font-size: 16px; background-color: rgb(253, 250, 247); text-align: center;\"><span style=\"font-size: 14pt;\"><br></span></p>\n<p style=\"color: rgba(0, 0, 0, 0.8); font-family: NotoSans_Regular, \'\'맑은 고딕\'\', \'\'Malgun Gothic\'\', sans-serif; font-size: 16px; background-color: rgb(253, 250, 247); text-align: center;\"><br></p>\n<p style=\"color: rgba(0, 0, 0, 0.8); font-family: NotoSans_Regular, \'\'맑은 고딕\'\', \'\'Malgun Gothic\'\', sans-serif; font-size: 16px; background-color: rgb(253, 250, 247); text-align: center;\"><span style=\"font-size: 14pt; background-color: rgb(207, 226, 243);\">[서울ㆍ지방점]</span></p>\n<p style=\"color: rgba(0, 0, 0, 0.8); font-family: NotoSans_Regular, \'\'맑은 고딕\'\', \'\'Malgun Gothic\'\', sans-serif; font-size: 16px; background-color: rgb(253, 250, 247); text-align: center;\"><span style=\"font-size: 14pt;\">&nbsp;</span></p>\n<p style=\"color: rgba(0, 0, 0, 0.8); font-family: NotoSans_Regular, \'\'맑은 고딕\'\', \'\'Malgun Gothic\'\', sans-serif; font-size: 16px; background-color: rgb(253, 250, 247); text-align: center;\"><span style=\"font-size: 14pt;\">기존회원: 2024.4.25&nbsp;(목) 10:30~ 선착순 마감</span><span style=\"font-size: 14pt;\"></span></p>\n<p style=\"color: rgba(0, 0, 0, 0.8); font-family: NotoSans_Regular, \'\'맑은 고딕\'\', \'\'Malgun Gothic\'\', sans-serif; font-size: 16px; background-color: rgb(253, 250, 247); text-align: center;\">&nbsp;</p>\n<p style=\"color: rgba(0, 0, 0, 0.8); font-family: NotoSans_Regular, \'\'맑은 고딕\'\', \'\'Malgun Gothic\'\', sans-serif; font-size: 16px; background-color: rgb(253, 250, 247); text-align: center;\"><span style=\"font-size: 14pt;\">신규회원:&nbsp;2024.4.26&nbsp;(금) 10:30~ 선착순 마감</span></p>\n<p style=\"color: rgba(0, 0, 0, 0.8); font-family: NotoSans_Regular, \'\'맑은 고딕\'\', \'\'Malgun Gothic\'\', sans-serif; font-size: 16px; background-color: rgb(253, 250, 247); text-align: center;\"><span style=\"font-size: 14pt;\">&nbsp;</span></p>\n<p style=\"color: rgba(0, 0, 0, 0.8); font-family: NotoSans_Regular, \'\'맑은 고딕\'\', \'\'Malgun Gothic\'\', sans-serif; font-size: 16px; background-color: rgb(253, 250, 247); text-align: center;\"><span style=\"font-size: 14pt;\">&nbsp;</span></p>\n<p style=\"color: rgba(0, 0, 0, 0.8); font-family: NotoSans_Regular, \'\'맑은 고딕\'\', \'\'Malgun Gothic\'\', sans-serif; font-size: 16px; background-color: rgb(253, 250, 247); text-align: center;\"><span style=\"font-size: 14pt;\">기존회원할인 10% (4.25~5.15)</span></p>\n<p style=\"color: rgba(0, 0, 0, 0.8); font-family: NotoSans_Regular, \'\'맑은 고딕\'\', \'\'Malgun Gothic\'\', sans-serif; font-size: 16px; background-color: rgb(253, 250, 247); text-align: center;\"><span style=\"font-size: 14pt;\">&nbsp;</span></p>\n<p style=\"color: rgba(0, 0, 0, 0.8); font-family: NotoSans_Regular, \'\'맑은 고딕\'\', \'\'Malgun Gothic\'\', sans-serif; font-size: 16px; background-color: rgb(253, 250, 247); text-align: center;\"><span style=\"font-size: 14pt;\">8주 이상 정기강좌, 최대 2강좌에 한함</span></p>\n<p style=\"color: rgba(0, 0, 0, 0.8); font-family: NotoSans_Regular, \'\'맑은 고딕\'\', \'\'Malgun Gothic\'\', sans-serif; font-size: 16px; background-color: rgb(253, 250, 247); text-align: center;\"><span style=\"font-size: 14pt;\">&nbsp;</span></p>\n<p style=\"color: rgba(0, 0, 0, 0.8); font-family: NotoSans_Regular, \'\'맑은 고딕\'\', \'\'Malgun Gothic\'\', sans-serif; font-size: 16px; background-color: rgb(253, 250, 247); text-align: center;\"><br></p>\n<p style=\"color: rgba(0, 0, 0, 0.8); font-family: NotoSans_Regular, \'\'맑은 고딕\'\', \'\'Malgun Gothic\'\', sans-serif; font-size: 16px; background-color: rgb(253, 250, 247); text-align: center;\"><span style=\"font-size: 14pt;\">&nbsp;</span></p>\n<p style=\"color: rgba(0, 0, 0, 0.8); font-family: NotoSans_Regular, \'\'맑은 고딕\'\', \'\'Malgun Gothic\'\', sans-serif; font-size: 16px; background-color: rgb(253, 250, 247); text-align: center;\"><span style=\"font-size: 14pt; background-color: rgb(255, 242, 204);\">강좌기간</span></p>\n<p style=\"color: rgba(0, 0, 0, 0.8); font-family: NotoSans_Regular, \'\'맑은 고딕\'\', \'\'Malgun Gothic\'\', sans-serif; font-size: 16px; background-color: rgb(253, 250, 247); text-align: center;\"><span style=\"font-size: 14pt;\">&nbsp;</span></p>\n<p style=\"color: rgba(0, 0, 0, 0.8); font-family: NotoSans_Regular, \'\'맑은 고딕\'\', \'\'Malgun Gothic\'\', sans-serif; font-size: 16px; background-color: rgb(253, 250, 247); text-align: center;\"><span style=\"font-size: 14pt;\">2024. 6.&nbsp;1&nbsp;(토) ~ 2024. 8.&nbsp;31&nbsp;(토)</span></p>\n<p style=\"color: rgba(0, 0, 0, 0.8); font-family: NotoSans_Regular, \'\'맑은 고딕\'\', \'\'Malgun Gothic\'\', sans-serif; font-size: 16px; background-color: rgb(253, 250, 247); text-align: center;\"><span style=\"font-size: 14pt;\">&nbsp;</span><span style=\"font-size: 14pt;\">&nbsp;</span></p>\n<p style=\"color: rgba(0, 0, 0, 0.8); font-family: NotoSans_Regular, \'\'맑은 고딕\'\', \'\'Malgun Gothic\'\', sans-serif; font-size: 16px; background-color: rgb(253, 250, 247); text-align: center;\"><span style=\"font-size: 14pt;\">&nbsp;</span></p>\n<p style=\"color: rgba(0, 0, 0, 0.8); font-family: NotoSans_Regular, \'\'맑은 고딕\'\', \'\'Malgun Gothic\'\', sans-serif; font-size: 16px; background-color: rgb(253, 250, 247); text-align: center;\"><span style=\"font-size: 14pt; background-color: rgb(255, 242, 204);\">문의</span></p>\n<p style=\"color: rgba(0, 0, 0, 0.8); font-family: NotoSans_Regular, \'\'맑은 고딕\'\', \'\'Malgun Gothic\'\', sans-serif; font-size: 16px; background-color: rgb(253, 250, 247); text-align: center;\"><span style=\"font-size: 14pt;\">&nbsp;</span></p>\n<p style=\"color: rgba(0, 0, 0, 0.8); font-family: NotoSans_Regular, \'\'맑은 고딕\'\', \'\'Malgun Gothic\'\', sans-serif; font-size: 16px; background-color: rgb(253, 250, 247); text-align: center;\"><span style=\"font-size: 14pt;\">각점 문화센터 데스크</span></p>\n<p style=\"color: rgba(0, 0, 0, 0.8); font-family: NotoSans_Regular, \'\'맑은 고딕\'\', \'\'Malgun Gothic\'\', sans-serif; font-size: 16px; background-color: rgb(253, 250, 247); text-align: center;\"><span style=\"font-size: 14pt;\">(점별 운영시간 상이)</span></p>\n<p style=\"color: rgba(0, 0, 0, 0.8); font-family: NotoSans_Regular, \'\'맑은 고딕\'\', \'\'Malgun Gothic\'\', sans-serif; font-size: 16px; background-color: rgb(253, 250, 247); text-align: center;\"><span style=\"font-size: 14pt;\">&nbsp;</span></p>\n<p style=\"color: rgba(0, 0, 0, 0.8); font-family: NotoSans_Regular, \'\'맑은 고딕\'\', \'\'Malgun Gothic\'\', sans-serif; font-size: 16px; background-color: rgb(253, 250, 247); text-align: center;\"><span style=\"font-size: 14pt;\">.</span></p>\n<p style=\"color: rgba(0, 0, 0, 0.8); font-family: NotoSans_Regular, \'\'맑은 고딕\'\', \'\'Malgun Gothic\'\', sans-serif; font-size: 16px; background-color: rgb(253, 250, 247); text-align: center;\"><span style=\"font-size: 14pt;\">.</span></p>\n<p style=\"color: rgba(0, 0, 0, 0.8); font-family: NotoSans_Regular, \'\'맑은 고딕\'\', \'\'Malgun Gothic\'\', sans-serif; font-size: 16px; background-color: rgb(253, 250, 247); text-align: center;\"><span style=\"font-size: 14pt;\">.</span></p>\n<p style=\"color: rgba(0, 0, 0, 0.8); font-family: NotoSans_Regular, \'\'맑은 고딕\'\', \'\'Malgun Gothic\'\', sans-serif; font-size: 16px; background-color: rgb(253, 250, 247); text-align: center;\"><br></p>\n<p style=\"color: rgba(0, 0, 0, 0.8); font-family: NotoSans_Regular, \'\'맑은 고딕\'\', \'\'Malgun Gothic\'\', sans-serif; font-size: 16px; background-color: rgb(253, 250, 247); text-align: center;\"><span style=\"font-size: 14pt;\">&nbsp;</span></p>\n<p style=\"color: rgba(0, 0, 0, 0.8); font-family: NotoSans_Regular, \'\'맑은 고딕\'\', \'\'Malgun Gothic\'\', sans-serif; font-size: 16px; background-color: rgb(253, 250, 247); text-align: center;\"><span style=\"font-weight: bold;\"><span style=\"font-size: 16pt;\">매거진&nbsp;</span><span style=\"font-size: 16pt;\">Vol.10&nbsp;발행</span></span></p>\n<p style=\"color: rgba(0, 0, 0, 0.8); font-family: NotoSans_Regular, \'\'맑은 고딕\'\', \'\'Malgun Gothic\'\', sans-serif; font-size: 16px; background-color: rgb(253, 250, 247); text-align: center;\"><span style=\"font-weight: bold; font-size: 16pt;\">Make a SUMMER</span></p>\n<p style=\"font-size: 13.3333px; color: rgba(0, 0, 0, 0.8); font-family: NotoSans_Regular, \'\'맑은 고딕\'\', \'\'Malgun Gothic\'\', sans-serif; background-color: rgb(253, 250, 247); text-align: center;\"><span style=\"font-size: 14pt;\"><br></span></p>\n<p style=\"font-size: 13.3333px; color: rgba(0, 0, 0, 0.8); font-family: NotoSans_Regular, \'\'맑은 고딕\'\', \'\'Malgun Gothic\'\', sans-serif; background-color: rgb(253, 250, 247); text-align: center;\"><img src=\"https://culture.lotteshopping.com/editor/images/000083/uMWwxcH4IMelwfYgwMy5zMH2.png\" title=\"\" alt=\"\" style=\"vertical-align: baseline; border-width: 0px; border-style: solid; border-color: rgb(0, 0, 0); width: 350px;\"></p>\n<p style=\"color: rgba(0, 0, 0, 0.8); font-family: NotoSans_Regular, \'\'맑은 고딕\'\', \'\'Malgun Gothic\'\', sans-serif; font-size: 16px; background-color: rgb(253, 250, 247); text-align: center;\"><span style=\"font-size: 14pt;\">&nbsp;</span></p>\n<p style=\"color: rgba(0, 0, 0, 0.8); font-family: NotoSans_Regular, \'\'맑은 고딕\'\', \'\'Malgun Gothic\'\', sans-serif; font-size: 16px; background-color: rgb(253, 250, 247); text-align: center;\"><span style=\"font-size: 14pt;\"><br></span></p>\n<p style=\"font-size: 13.3333px; background-color: rgb(253, 250, 247); text-align: center;\"><span style=\"color: rgba(0, 0, 0, 0.8); font-size: 14pt;\">Lifestyle LAB 매거진은</span></p>\n<p style=\"font-size: 13.3333px; background-color: rgb(253, 250, 247); text-align: center;\"><span style=\"color: rgba(0, 0, 0, 0.8); font-size: 14pt;\"></span><span style=\"color: rgba(0, 0, 0, 0.8); font-size: 14pt;\">동시대&nbsp;</span><span style=\"color: rgba(0, 0, 0, 0.8); font-size: 14pt;\">다양한 사람들의 삶을 연구하며</span></p>\n<p style=\"font-size: 13.3333px; background-color: rgb(253, 250, 247); text-align: center;\"><span style=\"color: rgba(0, 0, 0, 0.8); font-size: 14pt;\">그에 맞춰 다채로운 취향을 쌓을 수 있도록 돕고자 합니다.</span></p>\n<p style=\"font-size: 13.3333px; background-color: rgb(253, 250, 247); text-align: center;\"><span style=\"color: rgba(0, 0, 0, 0.8); font-size: 14pt;\"><br></span></p>\n<p style=\"font-size: 13.3333px; background-color: rgb(253, 250, 247); text-align: center;\"><span style=\"color: rgba(0, 0, 0, 0.8); font-size: 14pt;\">10호는&nbsp;본격적으로 농사가 시작되는 여름에 대해 이야기합니다.</span></p>\n<p style=\"font-size: 13.3333px; background-color: rgb(253, 250, 247); text-align: center;\"><span style=\"color: rgba(0, 0, 0, 0.8); font-size: 14pt;\">햇빛을 받으며 무언가를 길러내는 과정과</span></p>\n<p style=\"font-size: 13.3333px; background-color: rgb(253, 250, 247); text-align: center;\"><span style=\"color: rgba(0, 0, 0, 0.8); font-size: 14pt;\">짙푸른 풍경 안에서 숨 돌리는 여유를 가져봅니다.</span></p>\n<p style=\"font-size: 13.3333px; background-color: rgb(253, 250, 247); text-align: center;\"><span style=\"color: rgba(0, 0, 0, 0.8); font-size: 14pt;\"><br></span></p>\n<p style=\"font-size: 13.3333px; background-color: rgb(253, 250, 247); text-align: center;\"><br></p>\n<p style=\"font-size: 13.3333px; background-color: rgb(253, 250, 247); text-align: center;\"><span style=\"color: rgba(0, 0, 0, 0.8); font-size: 14pt; font-weight: bold;\">Cover Story</span></p>\n<p style=\"font-size: 13.3333px; background-color: rgb(253, 250, 247); text-align: center;\"><span style=\"color: rgba(0, 0, 0, 0.8); font-size: 14pt;\">계절에는 순간만 누릴 수 있는 정취와 마음이 있습니다.</span></p>\n<p style=\"font-size: 13.3333px; background-color: rgb(253, 250, 247); text-align: center;\"><span style=\"color: rgba(0, 0, 0, 0.8); font-size: 14pt;\">뺨에 닿는 날씨, 입은 옷, 손에 든 물건, 먹은 음식과 같이</span></p>\n<p style=\"font-size: 13.3333px; background-color: rgb(253, 250, 247); text-align: center;\"><span style=\"color: rgba(0, 0, 0, 0.8); font-size: 14pt;\">금세 그날로 돌아가게 하는 무언가 말이죠.</span></p>\n<p style=\"font-size: 13.3333px; background-color: rgb(253, 250, 247); text-align: center;\"><span style=\"color: rgba(0, 0, 0, 0.8); font-size: 14pt;\">각자 기억 속의 사계절의 이야기를 키미 작가의 그림으로 만나봅니다.</span></p>\n<p style=\"font-size: 13.3333px; background-color: rgb(253, 250, 247); text-align: center;\"><span style=\"color: rgba(0, 0, 0, 0.8); font-size: 14pt;\"><br></span></p>\n<p style=\"font-size: 13.3333px; background-color: rgb(253, 250, 247); text-align: center;\"><span style=\"color: rgba(0, 0, 0, 0.8); font-size: 14pt;\"><br></span></p>\n<hr style=\"font-size: 13.3333px;\">\n<p style=\"font-size: 13.3333px; background-color: rgb(253, 250, 247); text-align: center;\"><span style=\"color: rgba(0, 0, 0, 0.8); font-size: 14pt;\"><br></span></p>\n<p style=\"font-size: 13.3333px; background-color: rgb(253, 250, 247); text-align: center;\"><span style=\"color: rgba(0, 0, 0, 0.8); font-size: 14pt;\"><br></span></p>\n<p style=\"font-size: 13.3333px; background-color: rgb(253, 250, 247); text-align: center;\"><span style=\"color: rgba(0, 0, 0, 0.8); font-size: 14pt;\">Lifestyle LAB 매거진은</span></p>\n<p style=\"font-size: 13.3333px; background-color: rgb(253, 250, 247); text-align: center;\"><span style=\"color: rgba(0, 0, 0, 0.8); font-size: 14pt;\">전국 문화센터 로비에서 만나볼 수 있으며(한정수량)</span></p>\n<p style=\"font-size: 13.3333px; background-color: rgb(253, 250, 247); text-align: center;\"><span style=\"color: rgba(0, 0, 0, 0.8); font-size: 14pt;\"><br></span></p>\n<p style=\"font-size: 13.3333px; background-color: rgb(253, 250, 247); text-align: center;\"><span style=\"color: rgba(0, 0, 0, 0.8); font-size: 14pt;\"></span><span style=\"color: rgba(0, 0, 0, 0.8); font-size: 14pt;\">롯데문화센터 홈페이지</span></p>\n<p style=\"font-size: 13.3333px; background-color: rgb(253, 250, 247); text-align: center;\"><span style=\"color: rgba(0, 0, 0, 0.8); font-size: 14pt;\"></span><span style=\"color: rgba(0, 0, 0, 0.8); font-size: 14pt;\">웹매거진 카테</span><span style=\"color: rgba(0, 0, 0, 0.8); font-size: 14pt;\">고리를 통해</span></p>\n<p style=\"font-size: 13.3333px; background-color: rgb(253, 250, 247); text-align: center;\"><span style=\"color: rgba(0, 0, 0, 0.8); font-size: 14pt;\">일부</span><span style=\"color: rgba(0, 0, 0, 0.8); font-size: 14pt;\">&nbsp;콘텐츠가 공개됩니다.</span></p>\n<div><span style=\"color: rgba(0, 0, 0, 0.8); font-size: 14pt;\"><br></span></div></div>','2024-04-12 17:23:55','공지사항'),(2,4,0,'여름학기 법정공휴일 휴관안내','<div class=\"txt\">\n								<p style=\"line-height: 24px; color: rgba(0, 0, 0, 0.8); font-family: NotoSans_Regular, \'\'맑은 고딕\'\', \'\'Malgun Gothic\'\', sans-serif; font-size: 16px; background-color: rgb(253, 250, 247); text-align: center;\"><strong><span style=\"font-size: 16pt;\">건대스타시티점 여름학기 법정&nbsp;공휴일&nbsp;</span></strong><span style=\"font-size: 12pt; color: rgb(255, 0, 0);\"><strong><span style=\"font-size: 12pt; color: rgb(0, 0, 0);\"><span style=\"font-size: 16pt;\">휴관&nbsp;안내</span></span><span style=\"font-size: 16pt; color: rgb(0, 0, 0);\">&nbsp;</span></strong></span><br></p>\n<p style=\"color: rgba(0, 0, 0, 0.8); font-family: NotoSans_Regular, \'\'맑은 고딕\'\', \'\'Malgun Gothic\'\', sans-serif; font-size: 16px; background-color: rgb(253, 250, 247);\"><br></p>\n<p style=\"color: rgba(0, 0, 0, 0.8); font-family: NotoSans_Regular, \'\'맑은 고딕\'\', \'\'Malgun Gothic\'\', sans-serif; font-size: 16px; background-color: rgb(253, 250, 247); text-align: center;\"><br></p>\n<p style=\"color: rgba(0, 0, 0, 0.8); font-family: NotoSans_Regular, \'\'맑은 고딕\'\', \'\'Malgun Gothic\'\', sans-serif; font-size: 16px; background-color: rgb(253, 250, 247); text-align: center;\"><span style=\"font-size: 12pt; font-weight: bold;\">&lt;6월&gt;</span></p>\n<p style=\"color: rgba(0, 0, 0, 0.8); font-family: NotoSans_Regular, \'\'맑은 고딕\'\', \'\'Malgun Gothic\'\', sans-serif; font-size: 16px; background-color: rgb(253, 250, 247); text-align: center;\">6/6(목) 현충일</p>\n<p style=\"color: rgba(0, 0, 0, 0.8); font-family: NotoSans_Regular, \'\'맑은 고딕\'\', \'\'Malgun Gothic\'\', sans-serif; font-size: 16px; background-color: rgb(253, 250, 247); text-align: center;\"><br></p>\n<p style=\"color: rgba(0, 0, 0, 0.8); font-family: NotoSans_Regular, \'\'맑은 고딕\'\', \'\'Malgun Gothic\'\', sans-serif; font-size: 16px; background-color: rgb(253, 250, 247); text-align: center;\"><span style=\"font-weight: bold;\">&lt;8월&gt;</span></p>\n<p style=\"color: rgba(0, 0, 0, 0.8); font-family: NotoSans_Regular, \'\'맑은 고딕\'\', \'\'Malgun Gothic\'\', sans-serif; font-size: 16px; background-color: rgb(253, 250, 247); text-align: center;\">8/15(목) 광복절</p>\n<p style=\"line-height: 26.6667px; color: rgba(0, 0, 0, 0.8); font-family: NotoSans_Regular, \'\'맑은 고딕\'\', \'\'Malgun Gothic\'\', sans-serif; font-size: 16px; background-color: rgb(253, 250, 247); text-align: center;\"><span style=\"font-weight: bold; font-size: 18pt;\"><br></span></p>\n<p style=\"line-height: 26.6667px; color: rgba(0, 0, 0, 0.8); font-family: NotoSans_Regular, \'\'맑은 고딕\'\', \'\'Malgun Gothic\'\', sans-serif; font-size: 16px; background-color: rgb(253, 250, 247); text-align: center;\"><strong><span style=\"font-size: 14pt; color: rgb(255, 0, 0);\">법</span></strong><strong><span style=\"font-size: 14pt; color: rgb(255, 0, 0);\">정공휴일로 전체&nbsp;강좌 휴강 및 문화센터 휴관&nbsp;<span style=\"text-decoration-line: underline; font-size: 14pt;\">[데스크 미운영]</span></span></strong></p>\n<p style=\"line-height: 16px; color: rgba(0, 0, 0, 0.8); font-family: NotoSans_Regular, \'\'맑은 고딕\'\', \'\'Malgun Gothic\'\', sans-serif; font-size: 16px; background-color: rgb(253, 250, 247); text-align: center;\"><strong><span style=\"font-size: 14pt; color: rgb(255, 0, 0);\"><span style=\"text-decoration-line: underline; font-size: 14pt;\"><br></span></span></strong></p>\n<p style=\"line-height: 24px; color: rgba(0, 0, 0, 0.8); font-family: NotoSans_Regular, \'\'맑은 고딕\'\', \'\'Malgun Gothic\'\', sans-serif; font-size: 16px; background-color: rgb(253, 250, 247); text-align: center;\">- 휴관기간 중 문의사항은&nbsp;롯데백화점 문화센터 홈페이지&nbsp;</p>\n<p style=\"line-height: 24px; color: rgba(0, 0, 0, 0.8); font-family: NotoSans_Regular, \'\'맑은 고딕\'\', \'\'Malgun Gothic\'\', sans-serif; font-size: 16px; background-color: rgb(253, 250, 247); text-align: center;\">로그인&gt;my문화센터&gt;1:1 문의글에&nbsp;남겨주시면 휴관 종료 이후&nbsp;순차적으로 답변 드리겠습니다.</p>\n<p style=\"line-height: 24px; color: rgba(0, 0, 0, 0.8); font-family: NotoSans_Regular, \'\'맑은 고딕\'\', \'\'Malgun Gothic\'\', sans-serif; font-size: 16px; background-color: rgb(253, 250, 247); text-align: center;\"><br></p>\n<p style=\"line-height: 24px; color: rgba(0, 0, 0, 0.8); font-family: NotoSans_Regular, \'\'맑은 고딕\'\', \'\'Malgun Gothic\'\', sans-serif; font-size: 16px; background-color: rgb(253, 250, 247); text-align: center;\"><br></p>\n<p style=\"line-height: 24px; color: rgba(0, 0, 0, 0.8); font-family: NotoSans_Regular, \'\'맑은 고딕\'\', \'\'Malgun Gothic\'\', sans-serif; font-size: 16px; background-color: rgb(253, 250, 247); text-align: center;\"><br></p>\n<p style=\"line-height: 24px; color: rgba(0, 0, 0, 0.8); font-family: NotoSans_Regular, \'\'맑은 고딕\'\', \'\'Malgun Gothic\'\', sans-serif; font-size: 16px; background-color: rgb(253, 250, 247); text-align: center;\">※ 문화센터 개강/폐강/휴강/준비물/보강 등의 안내는&nbsp;<span style=\"color: rgb(153, 0, 0);\">L.Point 회원정보를 기반으로 연락</span>을 드리고 있습니다.</p>\n<p style=\"line-height: 24px; color: rgba(0, 0, 0, 0.8); font-family: NotoSans_Regular, \'\'맑은 고딕\'\', \'\'Malgun Gothic\'\', sans-serif; font-size: 16px; background-color: rgb(253, 250, 247); text-align: center;\">연락처 변경 시 반드시 회원정보를 수정해 주시길 바라며,&nbsp;</p>\n<p style=\"line-height: 24px; color: rgba(0, 0, 0, 0.8); font-family: NotoSans_Regular, \'\'맑은 고딕\'\', \'\'Malgun Gothic\'\', sans-serif; font-size: 16px; background-color: rgb(253, 250, 247); text-align: center;\">SMS수신거부 고객님의 경우 안내 누락될 수 있으니&nbsp;이점 참고하시길 바랍니다.</p>\n<p style=\"line-height: 24px; color: rgba(0, 0, 0, 0.8); font-family: NotoSans_Regular, \'\'맑은 고딕\'\', \'\'Malgun Gothic\'\', sans-serif; font-size: 16px; background-color: rgb(253, 250, 247); text-align: center;\"><span style=\"color: rgb(153, 0, 0);\">※ 연락처 오등록, 수신거부 등의 이유로 인한 불이익은 문화센터에서 책임지지 않습니다</span>.</p>\n<p style=\"line-height: 24px; color: rgba(0, 0, 0, 0.8); font-family: NotoSans_Regular, \'\'맑은 고딕\'\', \'\'Malgun Gothic\'\', sans-serif; font-size: 16px; background-color: rgb(253, 250, 247); text-align: center;\"><br></p></div>','2024-06-04 14:39:44','공지사항'),(3,4,0,'24년 여름학기 회원모집 안내','<div class=\"txt\">\n								<p style=\"color: rgba(0, 0, 0, 0.8); font-family: NotoSans_Regular, \'\'맑은 고딕\'\', \'\'Malgun Gothic\'\', sans-serif; font-size: 16px; background-color: rgb(253, 250, 247); text-align: center;\"><span style=\"font-size: 16pt; font-weight: bold;\">건대스타시티점 문화센터&nbsp;</span></p>\n<p style=\"color: rgba(0, 0, 0, 0.8); font-family: NotoSans_Regular, \'\'맑은 고딕\'\', \'\'Malgun Gothic\'\', sans-serif; font-size: 16px; background-color: rgb(253, 250, 247); text-align: center;\"><span style=\"font-weight: bold;\"><span style=\"font-size: 16pt;\">여름학기 회원모집 안내</span><span style=\"font-size: 16pt;\">&nbsp;</span></span></p>\n<p style=\"color: rgba(0, 0, 0, 0.8); font-family: NotoSans_Regular, \'\'맑은 고딕\'\', \'\'Malgun Gothic\'\', sans-serif; font-size: 16px; background-color: rgb(253, 250, 247);\"><span style=\"font-size: 14pt; background-color: rgb(217, 234, 211);\"></span><span style=\"font-size: 12pt;\">&nbsp;</span></p>\n<p style=\"color: rgba(0, 0, 0, 0.8); font-family: NotoSans_Regular, \'\'맑은 고딕\'\', \'\'Malgun Gothic\'\', sans-serif; font-size: 16px; background-color: rgb(253, 250, 247);\"><span style=\"font-size: 12pt;\"><br></span></p>\n<p style=\"color: rgba(0, 0, 0, 0.8); font-family: NotoSans_Regular, \'\'맑은 고딕\'\', \'\'Malgun Gothic\'\', sans-serif; font-size: 16px; background-color: rgb(253, 250, 247);\"><span style=\"font-size: 12pt;\"><br></span></p>\n<p style=\"color: rgba(0, 0, 0, 0.8); font-family: NotoSans_Regular, \'\'맑은 고딕\'\', \'\'Malgun Gothic\'\', sans-serif; font-size: 16px; background-color: rgb(253, 250, 247);\"><span style=\"font-size: 12pt; background-color: rgb(255, 242, 204); font-weight: bold;\">접수기간</span></p>\n<p style=\"color: rgba(0, 0, 0, 0.8); font-family: NotoSans_Regular, \'\'맑은 고딕\'\', \'\'Malgun Gothic\'\', sans-serif; font-size: 16px; background-color: rgb(253, 250, 247);\"><span style=\"font-size: 14pt; background-color: rgb(252, 229, 205);\"></span><span style=\"font-size: 12pt;\">&nbsp;&nbsp;</span></p>\n<p style=\"color: rgba(0, 0, 0, 0.8); font-family: NotoSans_Regular, \'\'맑은 고딕\'\', \'\'Malgun Gothic\'\', sans-serif; font-size: 16px; background-color: rgb(253, 250, 247);\"><span style=\"color: rgb(68, 68, 68); font-size: 12pt;\">- 기존회원 : 24.&nbsp;04.&nbsp;25(목) 10:30am ~ 선착순 마감</span></p>\n<p style=\"color: rgba(0, 0, 0, 0.8); font-family: NotoSans_Regular, \'\'맑은 고딕\'\', \'\'Malgun Gothic\'\', sans-serif; font-size: 16px; background-color: rgb(253, 250, 247);\"><span style=\"color: rgb(68, 68, 68); font-size: 12pt;\">-&nbsp;신규회원 : 24.&nbsp;04. 26(금)&nbsp;10:30am&nbsp;~ 선착순 마감</span></p>\n<p style=\"color: rgba(0, 0, 0, 0.8); font-family: NotoSans_Regular, \'\'맑은 고딕\'\', \'\'Malgun Gothic\'\', sans-serif; font-size: 16px; background-color: rgb(253, 250, 247);\"><span style=\"color: rgb(204, 0, 0); font-size: 12pt;\"><br></span></p>\n<p style=\"color: rgba(0, 0, 0, 0.8); font-family: NotoSans_Regular, \'\'맑은 고딕\'\', \'\'Malgun Gothic\'\', sans-serif; font-size: 16px; background-color: rgb(253, 250, 247);\"><span style=\"color: rgb(204, 0, 0); font-size: 12pt;\">&nbsp;※&nbsp;기존회원&nbsp;: 24년&nbsp;봄학기 정기강좌(8주이상)를 수강 중인&nbsp;회원 (정기강좌 중도&nbsp;취소자&nbsp;제외, 특강/단기/중도강좌 접수자&nbsp;제외)</span></p>\n<p style=\"color: rgba(0, 0, 0, 0.8); font-family: NotoSans_Regular, \'\'맑은 고딕\'\', \'\'Malgun Gothic\'\', sans-serif; font-size: 16px; background-color: rgb(253, 250, 247);\"><span style=\"font-size: 11pt; background-color: rgb(255, 255, 255);\"></span><span style=\"font-size: 12pt;\">&nbsp;</span></p>\n<p style=\"color: rgba(0, 0, 0, 0.8); font-family: NotoSans_Regular, \'\'맑은 고딕\'\', \'\'Malgun Gothic\'\', sans-serif; font-size: 16px; background-color: rgb(253, 250, 247);\"><span style=\"font-size: 11pt; background-color: rgb(255, 255, 255);\"></span><span style=\"font-size: 12pt;\">&nbsp;</span></p>\n<p style=\"color: rgba(0, 0, 0, 0.8); font-family: NotoSans_Regular, \'\'맑은 고딕\'\', \'\'Malgun Gothic\'\', sans-serif; font-size: 16px; background-color: rgb(253, 250, 247);\"><span style=\"font-size: 12pt; background-color: rgb(255, 242, 204);\"><span style=\"font-weight: bold;\">강좌기간</span></span></p>\n<p style=\"color: rgba(0, 0, 0, 0.8); font-family: NotoSans_Regular, \'\'맑은 고딕\'\', \'\'Malgun Gothic\'\', sans-serif; font-size: 16px; background-color: rgb(253, 250, 247);\"><span style=\"font-size: 14pt; background-color: rgb(252, 229, 205);\"></span><span style=\"font-size: 12pt;\">&nbsp;</span></p>\n<p style=\"color: rgba(0, 0, 0, 0.8); font-family: NotoSans_Regular, \'\'맑은 고딕\'\', \'\'Malgun Gothic\'\', sans-serif; font-size: 16px; background-color: rgb(253, 250, 247);\"><span style=\"color: rgb(68, 68, 68); font-size: 12pt;\">24.&nbsp;06.&nbsp;01(토) ~&nbsp;24.&nbsp;08</span><span style=\"color: rgb(68, 68, 68); font-size: 12pt;\">.&nbsp;31(토)</span><span style=\"color: rgb(68, 68, 68); font-size: 11pt; background-color: rgb(255, 255, 255);\"></span></p>\n<p style=\"color: rgba(0, 0, 0, 0.8); font-family: NotoSans_Regular, \'\'맑은 고딕\'\', \'\'Malgun Gothic\'\', sans-serif; font-size: 16px; background-color: rgb(253, 250, 247);\"><span style=\"color: rgb(68, 68, 68); font-size: 11pt; background-color: rgb(255, 255, 255);\"></span><span style=\"font-size: 12pt;\">&nbsp;</span></p>\n<p style=\"color: rgba(0, 0, 0, 0.8); font-family: NotoSans_Regular, \'\'맑은 고딕\'\', \'\'Malgun Gothic\'\', sans-serif; font-size: 16px; background-color: rgb(253, 250, 247);\"><span style=\"color: rgb(68, 68, 68); font-size: 11pt; background-color: rgb(255, 255, 255);\"></span><span style=\"font-size: 12pt;\">&nbsp;</span></p>\n<p style=\"color: rgba(0, 0, 0, 0.8); font-family: NotoSans_Regular, \'\'맑은 고딕\'\', \'\'Malgun Gothic\'\', sans-serif; font-size: 16px; background-color: rgb(253, 250, 247);\"><span style=\"font-size: 12pt; background-color: rgb(255, 242, 204);\"><span style=\"font-weight: bold;\">강의일정 안내</span></span></p>\n<p style=\"color: rgba(0, 0, 0, 0.8); font-family: NotoSans_Regular, \'\'맑은 고딕\'\', \'\'Malgun Gothic\'\', sans-serif; font-size: 16px; background-color: rgb(253, 250, 247);\"><span style=\"font-size: 14pt; background-color: rgb(252, 229, 205);\"></span><span style=\"font-size: 12pt;\">&nbsp;</span></p>\n<p style=\"color: rgba(0, 0, 0, 0.8); font-family: NotoSans_Regular, \'\'맑은 고딕\'\', \'\'Malgun Gothic\'\', sans-serif; font-size: 16px; background-color: rgb(253, 250, 247);\"><span style=\"color: rgb(68, 68, 68); font-size: 12pt;\">- 강좌별 일정 상이 (수강신청 시 개강일과 종강일을 확인해주세요)</span></p>\n<p style=\"color: rgba(0, 0, 0, 0.8); font-family: NotoSans_Regular, \'\'맑은 고딕\'\', \'\'Malgun Gothic\'\', sans-serif; font-size: 16px; background-color: rgb(253, 250, 247);\"><span style=\"color: rgb(68, 68, 68); font-size: 12pt;\">&nbsp;</span></p>\n<p style=\"color: rgba(0, 0, 0, 0.8); font-family: NotoSans_Regular, \'\'맑은 고딕\'\', \'\'Malgun Gothic\'\', sans-serif; font-size: 16px; background-color: rgb(253, 250, 247);\"><span style=\"font-size: 12pt;\">&nbsp;</span></p>\n<p style=\"color: rgba(0, 0, 0, 0.8); font-family: NotoSans_Regular, \'\'맑은 고딕\'\', \'\'Malgun Gothic\'\', sans-serif; font-size: 16px; background-color: rgb(253, 250, 247);\"><span style=\"font-size: 12pt;\"><br></span></p>\n<table border=\"1\" cellspacing=\"0\" cellpadding=\"0\" class=\"\" style=\"width: 667px; color: rgba(0, 0, 0, 0.8); font-family: NotoSans_Regular, \'\'맑은 고딕\'\', \'\'Malgun Gothic\'\', sans-serif; font-size: 16px; background-color: rgb(253, 250, 247); height: 167px;\">\n<tbody>\n<tr>\n<td style=\"border: 1px solid rgb(0, 0, 0); width: 95px; height: 30px; background-color: rgb(234, 209, 220);\">\n<p style=\"text-align: center;\"><span style=\"font-size: 12pt;\">구&nbsp;분</span></p></td>\n<td style=\"border: 1px solid rgb(0, 0, 0); width: 84px; height: 30px; background-color: rgb(234, 209, 220);\">\n<p style=\"text-align: center;\"><span style=\"font-size: 12pt;\">월</span></p></td>\n<td style=\"border: 1px solid rgb(0, 0, 0); width: 82px; height: 30px; background-color: rgb(234, 209, 220);\">\n<p style=\"text-align: center;\"><span style=\"font-size: 12pt;\">화</span></p></td>\n<td style=\"border: 1px solid rgb(0, 0, 0); width: 83px; height: 30px; background-color: rgb(234, 209, 220);\">\n<p style=\"text-align: center;\"><span style=\"font-size: 12pt;\">수</span></p></td>\n<td style=\"border: 1px solid rgb(0, 0, 0); width: 82px; height: 30px; background-color: rgb(234, 209, 220);\">\n<p style=\"text-align: center;\"><span style=\"font-size: 12pt;\">목</span></p></td>\n<td style=\"border: 1px solid rgb(0, 0, 0); width: 76px; height: 30px; background-color: rgb(234, 209, 220);\">\n<p style=\"text-align: center;\"><span style=\"font-size: 12pt;\">금</span></p></td>\n<td style=\"border: 1px solid rgb(0, 0, 0); width: 81px; height: 30px; background-color: rgb(234, 209, 220);\">\n<p style=\"text-align: center;\"><span style=\"font-size: 12pt;\">토</span></p></td>\n<td style=\"border: 1px solid rgb(0, 0, 0); width: 78px; height: 30px; background-color: rgb(234, 209, 220);\">\n<p style=\"text-align: center;\"><span style=\"font-size: 12pt;\">일</span></p></td>\n</tr>\n<tr>\n<td style=\"border: 1px solid rgb(0, 0, 0); width: 95px; height: 32px; background-color: rgb(234, 209, 220);\">\n<p style=\"text-align: center;\"><span style=\"font-size: 12pt;\">개강일</span></p></td>\n<td style=\"border: 1px solid rgb(0, 0, 0); width: 84px; height: 32px;\">\n<p style=\"text-align: center;\"><span style=\"font-size: 12pt;\">6/3</span></p></td>\n<td style=\"border: 1px solid rgb(0, 0, 0); width: 82px; height: 32px;\">\n<p style=\"text-align: center;\"><span style=\"font-size: 12pt;\">6/4</span></p></td>\n<td style=\"border: 1px solid rgb(0, 0, 0); width: 83px; height: 32px;\">\n<p style=\"text-align: center;\"><span style=\"font-size: 12pt;\">6/5</span></p></td>\n<td style=\"border: 1px solid rgb(0, 0, 0); width: 82px; height: 32px;\">\n<p style=\"text-align: center;\"><span style=\"font-size: 12pt;\">6/13</span></p></td>\n<td style=\"border: 1px solid rgb(0, 0, 0); width: 76px; height: 32px;\">\n<p style=\"text-align: center;\"><span style=\"font-size: 12pt;\">6/7</span></p></td>\n<td style=\"border: 1px solid rgb(0, 0, 0); width: 81px; height: 32px;\">\n<p style=\"text-align: center;\"><span style=\"font-size: 12pt;\">6/1</span></p></td>\n<td style=\"border: 1px solid rgb(0, 0, 0); width: 78px; height: 32px;\">\n<p style=\"text-align: center;\"><span style=\"font-size: 12pt;\">6/2</span></p></td>\n</tr>\n<tr>\n<td style=\"border: 1px solid rgb(0, 0, 0); width: 95px; height: 32px; background-color: rgb(234, 209, 220);\">\n<p style=\"text-align: center;\"><span style=\"font-size: 12pt;\">종강일</span></p></td>\n<td style=\"border: 1px solid rgb(0, 0, 0); width: 84px; height: 32px;\">\n<p style=\"text-align: center;\"><span style=\"font-size: 12pt;\">8/19</span></p></td>\n<td style=\"border: 1px solid rgb(0, 0, 0); width: 82px; height: 32px;\">\n<p style=\"text-align: center;\"><span style=\"font-size: 12pt;\">8/20</span></p></td>\n<td style=\"border: 1px solid rgb(0, 0, 0); width: 83px; height: 32px;\">\n<p style=\"text-align: center;\"><span style=\"font-size: 12pt;\">8/21</span></p></td>\n<td style=\"border: 1px solid rgb(0, 0, 0); width: 82px; height: 32px;\">\n<p style=\"text-align: center;\"><span style=\"font-size: 12pt;\">8/29</span></p></td>\n<td style=\"border: 1px solid rgb(0, 0, 0); width: 76px; height: 32px;\">\n<p style=\"text-align: center;\"><span style=\"font-size: 12pt;\">8/23</span></p></td>\n<td style=\"border: 1px solid rgb(0, 0, 0); width: 81px; height: 32px;\">\n<p style=\"text-align: center;\"><span style=\"font-size: 12pt;\">8/17</span></p></td>\n<td style=\"border: 1px solid rgb(0, 0, 0); width: 78px; height: 32px;\">\n<p style=\"text-align: center;\"><span style=\"font-size: 12pt;\">8/18</span></p></td>\n</tr>\n<tr>\n<td style=\"border: 1px solid rgb(0, 0, 0); width: 95px; height: 18px; background-color: rgb(234, 209, 220);\">\n<p style=\"text-align: center;\"><span style=\"font-size: 11pt;\"><span style=\"font-size: 12pt;\">휴강일</span></span></p>\n<p style=\"text-align: center;\"><span style=\"font-size: 11pt;\"><span style=\"font-size: 12pt;\">(법정공휴일)</span></span></p></td>\n<td style=\"border: 1px solid rgb(0, 0, 0); width: 84px; height: 18px;\">\n<p style=\"text-align: center;\">-</p></td>\n<td style=\"border: 1px solid rgb(0, 0, 0); width: 82px; height: 18px;\">\n<p style=\"text-align: center;\"><span style=\"font-size: 12pt;\">-</span></p></td>\n<td style=\"border: 1px solid rgb(0, 0, 0); width: 83px; height: 18px;\">\n<p style=\"text-align: center;\">-</p></td>\n<td style=\"border: 1px solid rgb(0, 0, 0); width: 82px; height: 18px;\">\n<p style=\"text-align: center;\"><span style=\"font-size: 12pt;\">6/6</span></p>\n<p style=\"text-align: center;\"><span style=\"font-size: 12pt;\">8/15</span></p></td>\n<td style=\"border: 1px solid rgb(0, 0, 0); width: 76px; height: 18px;\">\n<p style=\"text-align: center;\">-</p></td>\n<td style=\"border: 1px solid rgb(0, 0, 0); width: 81px; height: 18px;\">\n<p style=\"text-align: center;\"><span style=\"font-size: 12pt;\">-</span></p></td>\n<td style=\"border: 1px solid rgb(0, 0, 0); width: 78px; height: 18px;\">\n<p style=\"text-align: center;\"><span style=\"font-size: 12pt;\">-</span></p></td>\n</tr>\n<tr>\n<td style=\"border: 1px solid rgb(0, 0, 0); width: 95px; height: 31px; background-color: rgb(234, 209, 220);\">\n<p style=\"text-align: center;\"><span style=\"font-size: 12pt;\">강의횟수</span></p></td>\n<td style=\"border: 1px solid rgb(0, 0, 0); width: 84px; height: 31px;\">\n<p style=\"text-align: center;\"><span style=\"font-size: 12pt;\">12회</span></p></td>\n<td style=\"border: 1px solid rgb(0, 0, 0); width: 82px; height: 31px;\">\n<p style=\"text-align: center;\"><span style=\"font-size: 12pt;\">12회</span></p></td>\n<td style=\"border: 1px solid rgb(0, 0, 0); width: 83px; height: 31px;\">\n<p style=\"text-align: center;\"><span style=\"font-size: 12pt;\">12회</span></p></td>\n<td style=\"border: 1px solid rgb(0, 0, 0); width: 82px; height: 31px;\">\n<p style=\"text-align: center;\"><span style=\"font-size: 12pt;\">11회</span></p></td>\n<td style=\"border: 1px solid rgb(0, 0, 0); width: 76px; height: 31px;\">\n<p style=\"text-align: center;\"><span style=\"font-size: 12pt;\">12회</span></p></td>\n<td style=\"border: 1px solid rgb(0, 0, 0); width: 81px; height: 31px;\">\n<p style=\"text-align: center;\"><span style=\"font-size: 12pt;\">12회</span></p></td>\n<td style=\"border: 1px solid rgb(0, 0, 0); width: 78px; height: 31px;\">\n<p style=\"text-align: center;\"><span style=\"font-size: 12pt;\">12회</span></p></td>\n</tr>\n</tbody>\n</table>\n<p style=\"color: rgba(0, 0, 0, 0.8); font-family: NotoSans_Regular, \'\'맑은 고딕\'\', \'\'Malgun Gothic\'\', sans-serif; font-size: 16px; background-color: rgb(253, 250, 247);\"><span style=\"font-size: 12pt;\"><br></span></p>\n<p style=\"color: rgba(0, 0, 0, 0.8); font-family: NotoSans_Regular, \'\'맑은 고딕\'\', \'\'Malgun Gothic\'\', sans-serif; font-size: 16px; background-color: rgb(253, 250, 247);\"><span style=\"font-size: 12pt;\">&nbsp;</span></p>\n<p style=\"color: rgba(0, 0, 0, 0.8); font-family: NotoSans_Regular, \'\'맑은 고딕\'\', \'\'Malgun Gothic\'\', sans-serif; font-size: 16px; background-color: rgb(253, 250, 247);\"><span style=\"font-size: 12pt;\">&nbsp;</span></p>\n<p style=\"color: rgba(0, 0, 0, 0.8); font-family: NotoSans_Regular, \'\'맑은 고딕\'\', \'\'Malgun Gothic\'\', sans-serif; font-size: 16px; background-color: rgb(253, 250, 247);\"><span style=\"font-size: 12pt; background-color: rgb(255, 242, 204);\"><span style=\"font-weight: bold;\">접수방법</span></span></p>\n<p style=\"color: rgba(0, 0, 0, 0.8); font-family: NotoSans_Regular, \'\'맑은 고딕\'\', \'\'Malgun Gothic\'\', sans-serif; font-size: 16px; background-color: rgb(253, 250, 247);\"><span style=\"font-size: 11pt; background-color: rgb(252, 229, 205);\"></span><span style=\"font-size: 12pt;\">&nbsp;</span></p>\n<p style=\"color: rgba(0, 0, 0, 0.8); font-family: NotoSans_Regular, \'\'맑은 고딕\'\', \'\'Malgun Gothic\'\', sans-serif; font-size: 16px; background-color: rgb(253, 250, 247);\"><span style=\"font-size: 12pt;\">＊ 방문접수 :&nbsp;<span style=\"font-size: 12pt;\">롯데백화점 건대스타시티점</span><span style=\"font-size: 12pt;\">&nbsp;3층 문화센터 데스크</span></span></p>\n<p style=\"color: rgba(0, 0, 0, 0.8); font-family: NotoSans_Regular, \'\'맑은 고딕\'\', \'\'Malgun Gothic\'\', sans-serif; font-size: 16px; background-color: rgb(253, 250, 247);\"><span style=\"font-size: 12pt;\">＊ 온라인 접수 / 모바일 접수</span></p>\n<p style=\"color: rgba(0, 0, 0, 0.8); font-family: NotoSans_Regular, \'\'맑은 고딕\'\', \'\'Malgun Gothic\'\', sans-serif; font-size: 16px; background-color: rgb(253, 250, 247);\"><span style=\"font-size: 12pt;\"><br></span></p>\n<p style=\"color: rgba(0, 0, 0, 0.8); font-family: NotoSans_Regular, \'\'맑은 고딕\'\', \'\'Malgun Gothic\'\', sans-serif; font-size: 16px; background-color: rgb(253, 250, 247);\"><span style=\"color: rgb(204, 0, 0); font-size: 12pt;\">※ 접수 및 취소가 간편한 온라인, 모바일 접수를 권장합니다.</span></p>\n<p style=\"color: rgba(0, 0, 0, 0.8); font-family: NotoSans_Regular, \'\'맑은 고딕\'\', \'\'Malgun Gothic\'\', sans-serif; font-size: 16px; background-color: rgb(253, 250, 247);\"><span style=\"color: rgb(204, 0, 0); font-size: 12pt;\">※ 전화접수(계좌이체) 불가</span></p>\n<p style=\"color: rgba(0, 0, 0, 0.8); font-family: NotoSans_Regular, \'\'맑은 고딕\'\', \'\'Malgun Gothic\'\', sans-serif; font-size: 16px; background-color: rgb(253, 250, 247);\"><span style=\"color: rgb(204, 0, 0); font-size: 12pt;\">※ L-Point 결제는 온라인, 모바일 정기강좌 접수시에만</span><span style=\"color: rgb(204, 0, 0); font-size: 12pt;\">&nbsp;</span><span style=\"color: rgb(204, 0, 0); font-size: 12pt;\">사용&nbsp;</span><span style=\"color: rgb(204, 0, 0); font-size: 12pt;\">가능합니다.</span></p>\n<p style=\"color: rgba(0, 0, 0, 0.8); font-family: NotoSans_Regular, \'\'맑은 고딕\'\', \'\'Malgun Gothic\'\', sans-serif; font-size: 16px; background-color: rgb(253, 250, 247);\"><span style=\"color: rgb(204, 0, 0); font-size: 11pt;\"></span><span style=\"font-size: 12pt;\">&nbsp;</span></p>\n<p style=\"color: rgba(0, 0, 0, 0.8); font-family: NotoSans_Regular, \'\'맑은 고딕\'\', \'\'Malgun Gothic\'\', sans-serif; font-size: 16px; background-color: rgb(253, 250, 247);\"><span style=\"font-size: 12pt;\"><br></span></p>\n<p style=\"color: rgba(0, 0, 0, 0.8); font-family: NotoSans_Regular, \'\'맑은 고딕\'\', \'\'Malgun Gothic\'\', sans-serif; font-size: 16px; background-color: rgb(253, 250, 247);\"><span style=\"font-size: 12pt; background-color: rgb(255, 242, 204);\"><span style=\"font-weight: bold;\">수강료 할인 혜택</span></span></p>\n<p style=\"color: rgba(0, 0, 0, 0.8); font-family: NotoSans_Regular, \'\'맑은 고딕\'\', \'\'Malgun Gothic\'\', sans-serif; font-size: 16px; background-color: rgb(253, 250, 247);\"><span style=\"font-size: 12pt;\"><br></span></p>\n<p style=\"color: rgba(0, 0, 0, 0.8); font-family: NotoSans_Regular, \'\'맑은 고딕\'\', \'\'Malgun Gothic\'\', sans-serif; font-size: 16px; background-color: rgb(253, 250, 247);\"><span style=\"font-size: 12pt; font-weight: bold;\">＊&nbsp;<span style=\"font-size: 12pt;\">기존회원 10% 할인</span></span></p>\n<p style=\"color: rgba(0, 0, 0, 0.8); font-family: NotoSans_Regular, \'\'맑은 고딕\'\', \'\'Malgun Gothic\'\', sans-serif; font-size: 16px; background-color: rgb(253, 250, 247);\"><span style=\"font-size: 12pt;\"><span style=\"font-weight: bold;\">-&nbsp;할인 적용 기간 : 24.04.25(목) ~ 24.05.15(수), 8주이상 정기강좌에 한하여 최대 2강좌</span></span></p>\n<p style=\"color: rgba(0, 0, 0, 0.8); font-family: NotoSans_Regular, \'\'맑은 고딕\'\', \'\'Malgun Gothic\'\', sans-serif; font-size: 16px; background-color: rgb(253, 250, 247);\"><span style=\"font-size: 12pt;\"><br></span></p>\n<p style=\"color: rgba(0, 0, 0, 0.8); font-family: NotoSans_Regular, \'\'맑은 고딕\'\', \'\'Malgun Gothic\'\', sans-serif; font-size: 16px; background-color: rgb(253, 250, 247);\"><span style=\"color: rgb(204, 0, 0); font-size: 12pt;\">※ 기간 외 할인불가</span></p>\n<p style=\"color: rgba(0, 0, 0, 0.8); font-family: NotoSans_Regular, \'\'맑은 고딕\'\', \'\'Malgun Gothic\'\', sans-serif; font-size: 16px; background-color: rgb(253, 250, 247);\"><span style=\"color: rgb(204, 0, 0); font-size: 12pt;\">※ 할인적용기간 종료 후 강좌교체 혹은 결제수단 변경시 할인 재적용이 되지 않습니다.</span></p>\n<p style=\"color: rgba(0, 0, 0, 0.8); font-family: NotoSans_Regular, \'\'맑은 고딕\'\', \'\'Malgun Gothic\'\', sans-serif; font-size: 16px; background-color: rgb(253, 250, 247);\"><span style=\"color: rgb(204, 0, 0); font-size: 12pt;\">※ 기존회원이란? 24년&nbsp;봄학기 정기강좌(8주이상)를 수강 중인 회원 (단, 정기강좌 중도취소자와 특강/단기/중도강좌 접수자는 제외)</span></p>\n<p style=\"color: rgba(0, 0, 0, 0.8); font-family: NotoSans_Regular, \'\'맑은 고딕\'\', \'\'Malgun Gothic\'\', sans-serif; font-size: 16px; background-color: rgb(253, 250, 247);\"><span style=\"font-size: 12pt;\"><br></span></p>\n<p style=\"color: rgba(0, 0, 0, 0.8); font-family: NotoSans_Regular, \'\'맑은 고딕\'\', \'\'Malgun Gothic\'\', sans-serif; font-size: 16px; background-color: rgb(253, 250, 247);\"><span style=\"font-size: 12pt;\"><br></span></p>\n<p style=\"color: rgba(0, 0, 0, 0.8); font-family: NotoSans_Regular, \'\'맑은 고딕\'\', \'\'Malgun Gothic\'\', sans-serif; font-size: 16px; background-color: rgb(253, 250, 247);\"><span style=\"font-size: 12pt;\">* 건대스타시티점 AVENUEL BLACK, EMERALD, PURPLE, ORANGE 50% 할인</span></p>\n<p style=\"color: rgba(0, 0, 0, 0.8); font-family: NotoSans_Regular, \'\'맑은 고딕\'\', \'\'Malgun Gothic\'\', sans-serif; font-size: 16px; background-color: rgb(253, 250, 247);\"><span style=\"font-size: 12pt;\">&nbsp; - 대상 :&nbsp;AVENUEL 회원본인 및 직계가족限 (※ 지인 대리 할인불가)</span></p>\n<p style=\"color: rgba(0, 0, 0, 0.8); font-family: NotoSans_Regular, \'\'맑은 고딕\'\', \'\'Malgun Gothic\'\', sans-serif; font-size: 16px; background-color: rgb(253, 250, 247);\"><span style=\"font-size: 12pt;\">&nbsp; - 결제시&nbsp;AVENUEL 카드주(스티커부착 확인)와 회원명이 동일해야 합니다. (가족회원 등록시 증빙확인 必)</span></p>\n<p style=\"color: rgba(0, 0, 0, 0.8); font-family: NotoSans_Regular, \'\'맑은 고딕\'\', \'\'Malgun Gothic\'\', sans-serif; font-size: 16px; background-color: rgb(253, 250, 247);\"><span style=\"font-size: 12pt;\"><br></span></p>\n<p style=\"color: rgba(0, 0, 0, 0.8); font-family: NotoSans_Regular, \'\'맑은 고딕\'\', \'\'Malgun Gothic\'\', sans-serif; font-size: 16px; background-color: rgb(253, 250, 247);\"><span style=\"font-size: 12pt;\">* 건대스타시티점&nbsp;AVENUEL GREEN 20% 할인</span></p>\n<p style=\"color: rgba(0, 0, 0, 0.8); font-family: NotoSans_Regular, \'\'맑은 고딕\'\', \'\'Malgun Gothic\'\', sans-serif; font-size: 16px; background-color: rgb(253, 250, 247);\"><span style=\"font-size: 12pt;\">&nbsp; - 대상 :&nbsp;AVENUEL&nbsp;GREEN 회원본인 및 직계가족限 (※&nbsp;지인&nbsp;대리&nbsp;할인불가)</span></p>\n<p style=\"color: rgba(0, 0, 0, 0.8); font-family: NotoSans_Regular, \'\'맑은 고딕\'\', \'\'Malgun Gothic\'\', sans-serif; font-size: 16px; background-color: rgb(253, 250, 247);\"><span style=\"font-size: 12pt;\">&nbsp;&nbsp;- 결제시&nbsp;AVENUEL&nbsp;GREEN&nbsp;카드주(스티커부착 확인)와 회원명이 동일해야 합니다. (가족회원 등록시 증빙확인 必)</span></p>\n<p style=\"color: rgba(0, 0, 0, 0.8); font-family: NotoSans_Regular, \'\'맑은 고딕\'\', \'\'Malgun Gothic\'\', sans-serif; font-size: 16px; background-color: rgb(253, 250, 247);\"><span style=\"font-size: 12pt;\">&nbsp; - 분기별&nbsp;AVENUEL&nbsp;GREEN 문화센터 수강할인 적용대상에서 제외됩니다.</span></p>\n<p style=\"color: rgba(0, 0, 0, 0.8); font-family: NotoSans_Regular, \'\'맑은 고딕\'\', \'\'Malgun Gothic\'\', sans-serif; font-size: 16px; background-color: rgb(253, 250, 247);\"><span style=\"font-size: 12pt;\"><br></span></p>\n<p style=\"color: rgba(0, 0, 0, 0.8); font-family: NotoSans_Regular, \'\'맑은 고딕\'\', \'\'Malgun Gothic\'\', sans-serif; font-size: 16px; background-color: rgb(253, 250, 247);\"><span style=\"font-size: 12pt;\">* 국민 VIP카드 (플래티늄, 미르, ROVL, BEV5) 30%할인</span></p>\n<p style=\"color: rgba(0, 0, 0, 0.8); font-family: NotoSans_Regular, \'\'맑은 고딕\'\', \'\'Malgun Gothic\'\', sans-serif; font-size: 16px; background-color: rgb(253, 250, 247);\"><span style=\"font-size: 12pt;\">&nbsp; - 대상 : 카드주 본인限&nbsp;<span style=\"color: rgb(204, 0, 0); font-size: 12pt;\">※ 카드 소유주명+회원명 동일必, 지인 대리할인불가, 해당카드로 결제必</span></span></p>\n<p style=\"color: rgba(0, 0, 0, 0.8); font-family: NotoSans_Regular, \'\'맑은 고딕\'\', \'\'Malgun Gothic\'\', sans-serif; font-size: 16px; background-color: rgb(253, 250, 247);\"><span style=\"color: rgb(204, 0, 0); font-size: 12pt;\">&nbsp;&nbsp;<span style=\"color: rgb(0, 0, 0); font-size: 12pt;\">- 본 할인혜택은 방문접수만 가능합니다. 성인강좌에 한해 할인적용됩니다.</span></span></p>\n<p style=\"color: rgba(0, 0, 0, 0.8); font-family: NotoSans_Regular, \'\'맑은 고딕\'\', \'\'Malgun Gothic\'\', sans-serif; font-size: 16px; background-color: rgb(253, 250, 247);\"><span style=\"color: rgb(0, 0, 0); font-size: 12pt;\"><br></span></p>\n<p style=\"color: rgba(0, 0, 0, 0.8); font-family: NotoSans_Regular, \'\'맑은 고딕\'\', \'\'Malgun Gothic\'\', sans-serif; font-size: 16px; background-color: rgb(253, 250, 247);\"><span style=\"color: rgb(0, 0, 0); font-size: 12pt;\">* 롯데국민행복카드 10%할인</span></p>\n<p style=\"color: rgba(0, 0, 0, 0.8); font-family: NotoSans_Regular, \'\'맑은 고딕\'\', \'\'Malgun Gothic\'\', sans-serif; font-size: 16px; background-color: rgb(253, 250, 247);\"><span style=\"color: rgb(204, 0, 0);\"><span style=\"color: rgb(0, 0, 0); font-size: 12pt;\">&nbsp; - 대상 : 카드주 본인限&nbsp;</span></span><span style=\"color: rgb(204, 0, 0); font-size: 12pt;\">※ 카드 소유주명+회원명 동일必, 지인 대리할인불가, 해당카드로 결제必</span></p>\n<p style=\"color: rgba(0, 0, 0, 0.8); font-family: NotoSans_Regular, \'\'맑은 고딕\'\', \'\'Malgun Gothic\'\', sans-serif; font-size: 16px; background-color: rgb(253, 250, 247);\"><span style=\"color: rgb(204, 0, 0);\"></span><span style=\"color: rgb(0, 0, 0); font-size: 12pt;\">&nbsp;</span><span style=\"color: rgb(204, 0, 0); font-size: 12pt;\">&nbsp;</span><span style=\"color: rgb(0, 0, 0); font-size: 12pt;\">- 본 할인혜택은 방문접수만 가능합니다.&nbsp;</span></p>\n<p style=\"color: rgba(0, 0, 0, 0.8); font-family: NotoSans_Regular, \'\'맑은 고딕\'\', \'\'Malgun Gothic\'\', sans-serif; font-size: 16px; background-color: rgb(253, 250, 247);\"><span style=\"color: rgb(0, 0, 0); font-size: 12pt;\"><br></span></p>\n<p style=\"color: rgba(0, 0, 0, 0.8); font-family: NotoSans_Regular, \'\'맑은 고딕\'\', \'\'Malgun Gothic\'\', sans-serif; font-size: 16px; background-color: rgb(253, 250, 247);\"><span style=\"font-size: 12pt;\"><br></span></p>\n<p style=\"color: rgba(0, 0, 0, 0.8); font-family: NotoSans_Regular, \'\'맑은 고딕\'\', \'\'Malgun Gothic\'\', sans-serif; font-size: 16px; background-color: rgb(253, 250, 247);\"><span style=\"font-size: 11pt; background-color: rgb(255, 255, 255);\"></span><span style=\"font-size: 12pt;\">※ 모든 수강료 할인혜택은 중복적용이 불가합니다.</span></p>\n<p style=\"color: rgba(0, 0, 0, 0.8); font-family: NotoSans_Regular, \'\'맑은 고딕\'\', \'\'Malgun Gothic\'\', sans-serif; font-size: 16px; background-color: rgb(253, 250, 247);\"><span style=\"font-size: 12pt;\"><span style=\"font-size: 12pt;\"></span>※&nbsp;모든 수강료 할인은 정기강좌에 한하며&nbsp;기존회원할인은 최대 2강좌까지&nbsp;할인혜택이&nbsp;적용됩니다.</span></p>\n<p style=\"color: rgba(0, 0, 0, 0.8); font-family: NotoSans_Regular, \'\'맑은 고딕\'\', \'\'Malgun Gothic\'\', sans-serif; font-size: 16px; background-color: rgb(253, 250, 247);\"><span style=\"font-size: 12pt;\">※&nbsp;할인기간 內 적용가능하며 기간종료 후 강좌취소/강좌변경/결제수단변경 등의 사유로&nbsp;</span></p>\n<p style=\"color: rgba(0, 0, 0, 0.8); font-family: NotoSans_Regular, \'\'맑은 고딕\'\', \'\'Malgun Gothic\'\', sans-serif; font-size: 16px; background-color: rgb(253, 250, 247);\"><span style=\"font-size: 12pt;\">&nbsp; &nbsp;할인적용된&nbsp;강좌취소&nbsp;후&nbsp;재결제시 할인적용이 불가하오니 이점 유의해주시기 바랍니다.</span></p>\n<p style=\"color: rgba(0, 0, 0, 0.8); font-family: NotoSans_Regular, \'\'맑은 고딕\'\', \'\'Malgun Gothic\'\', sans-serif; font-size: 16px; background-color: rgb(253, 250, 247);\"><span style=\"font-size: 12pt;\">※&nbsp;상기 혜택은 내부 정책에 따라 변경될 수 있습니다.</span></p>\n<p style=\"color: rgba(0, 0, 0, 0.8); font-family: NotoSans_Regular, \'\'맑은 고딕\'\', \'\'Malgun Gothic\'\', sans-serif; font-size: 16px; background-color: rgb(253, 250, 247);\"><span style=\"font-size: 12pt;\">※&nbsp;강의 폐강 및 환불로 인한 카드취소 및 재결제 시 소멸되는 카드사 개별혜택은&nbsp;당사에서&nbsp;보존되지&nbsp;않습니다.&nbsp;&nbsp;&nbsp;</span></p>\n<p style=\"color: rgba(0, 0, 0, 0.8); font-family: NotoSans_Regular, \'\'맑은 고딕\'\', \'\'Malgun Gothic\'\', sans-serif; font-size: 16px; background-color: rgb(253, 250, 247);\"><span style=\"font-size: 12pt;\"><br></span></p>\n<p style=\"color: rgba(0, 0, 0, 0.8); font-family: NotoSans_Regular, \'\'맑은 고딕\'\', \'\'Malgun Gothic\'\', sans-serif; font-size: 16px; background-color: rgb(253, 250, 247);\"><span style=\"font-size: 12pt;\"><br></span></p>\n<p style=\"color: rgba(0, 0, 0, 0.8); font-family: NotoSans_Regular, \'\'맑은 고딕\'\', \'\'Malgun Gothic\'\', sans-serif; font-size: 16px; background-color: rgb(253, 250, 247);\"><span style=\"font-size: 12pt; background-color: rgb(255, 242, 204); font-weight: bold;\">문화센터 이용안내</span></p>\n<p style=\"color: rgba(0, 0, 0, 0.8); font-family: NotoSans_Regular, \'\'맑은 고딕\'\', \'\'Malgun Gothic\'\', sans-serif; font-size: 16px; background-color: rgb(253, 250, 247);\"><span style=\"font-size: 12pt;\"><br></span></p>\n<p style=\"color: rgba(0, 0, 0, 0.8); font-family: NotoSans_Regular, \'\'맑은 고딕\'\', \'\'Malgun Gothic\'\', sans-serif; font-size: 16px; background-color: rgb(253, 250, 247);\"><span style=\"font-size: 12pt;\">&nbsp;<span style=\"font-size: 12pt;\">* 성인&nbsp;강좌는 자녀동반이 불가합니다.</span><br></span></p>\n<p style=\"color: rgba(0, 0, 0, 0.8); font-family: NotoSans_Regular, \'\'맑은 고딕\'\', \'\'Malgun Gothic\'\', sans-serif; font-size: 16px; background-color: rgb(253, 250, 247);\"><span style=\"font-size: 12pt;\">&nbsp;* 유아&nbsp;강좌는 보호자 입장이 불가합니다.</span></p>\n<p style=\"color: rgba(0, 0, 0, 0.8); font-family: NotoSans_Regular, \'\'맑은 고딕\'\', \'\'Malgun Gothic\'\', sans-serif; font-size: 16px; background-color: rgb(253, 250, 247);\"><span style=\"font-size: 14pt;\"><span style=\"font-size: 12pt;\">&nbsp;* 영유아&nbsp;강좌는 보호자 1명, 자녀 1명 함께 수강하는&nbsp;2인&nbsp;1조 수업으로&nbsp;</span></span><span style=\"font-size: 14pt;\"><span style=\"font-size: 12pt;\">안전을 위해 자녀 2인(쌍둥이&nbsp;等</span></span><span style=\"font-size: 14pt;\"><span style=\"font-size: 12pt;\">) 수강시 보호자 2인 입장 부탁드립니다.&nbsp;</span></span></p>\n<p style=\"color: rgba(0, 0, 0, 0.8); font-family: NotoSans_Regular, \'\'맑은 고딕\'\', \'\'Malgun Gothic\'\', sans-serif; font-size: 16px; background-color: rgb(253, 250, 247);\"><span style=\"font-size: 12pt;\"><br></span></p>\n<p style=\"color: rgba(0, 0, 0, 0.8); font-family: NotoSans_Regular, \'\'맑은 고딕\'\', \'\'Malgun Gothic\'\', sans-serif; font-size: 16px; background-color: rgb(253, 250, 247);\"><span style=\"font-size: 12pt;\"><br></span></p>\n<p style=\"color: rgba(0, 0, 0, 0.8); font-family: NotoSans_Regular, \'\'맑은 고딕\'\', \'\'Malgun Gothic\'\', sans-serif; font-size: 16px; background-color: rgb(253, 250, 247);\"><span style=\"font-size: 12pt; background-color: rgb(255, 242, 204); font-weight: bold;\">문화센터 환불안내</span></p>\n<p style=\"color: rgba(0, 0, 0, 0.8); font-family: NotoSans_Regular, \'\'맑은 고딕\'\', \'\'Malgun Gothic\'\', sans-serif; font-size: 16px; background-color: rgb(253, 250, 247);\"><span style=\"color: rgb(153, 0, 0); font-size: 12pt;\"><br></span></p>\n<p style=\"color: rgba(0, 0, 0, 0.8); font-family: NotoSans_Regular, \'\'맑은 고딕\'\', \'\'Malgun Gothic\'\', sans-serif; font-size: 16px; background-color: rgb(253, 250, 247);\"><span style=\"color: rgb(153, 0, 0);\">*&nbsp;강좌 개강 이후, 본인 사유에 의한 취소 시 「평생교육법 시행령 제23조(학습비 반환 등)」에 의거하여 환불해드립니다.&nbsp; &nbsp; &nbsp; &nbsp; &nbsp; &nbsp; &nbsp; &nbsp; &nbsp; &nbsp; &nbsp; &nbsp; &nbsp; &nbsp; &nbsp; &nbsp; &nbsp; &nbsp; &nbsp;</span></p>\n<p style=\"color: rgba(0, 0, 0, 0.8); font-family: NotoSans_Regular, \'\'맑은 고딕\'\', \'\'Malgun Gothic\'\', sans-serif; font-size: 16px; background-color: rgb(253, 250, 247);\"><span style=\"color: rgb(153, 0, 0);\">* 모든 수강료 환불은 동일 결제 수단으로 환불 가능합니다. (ex. 카드, 상품권결제 고객 현금환불불가)&nbsp; &nbsp; &nbsp; &nbsp; &nbsp; &nbsp; &nbsp; &nbsp; &nbsp; &nbsp; &nbsp; &nbsp; &nbsp; &nbsp; &nbsp; &nbsp; &nbsp; &nbsp; &nbsp; &nbsp; &nbsp; &nbsp; &nbsp; &nbsp; &nbsp; &nbsp; &nbsp; &nbsp; &nbsp; &nbsp;</span></p>\n<p style=\"color: rgba(0, 0, 0, 0.8); font-family: NotoSans_Regular, \'\'맑은 고딕\'\', \'\'Malgun Gothic\'\', sans-serif; font-size: 16px; background-color: rgb(253, 250, 247);\"><span style=\"color: rgb(153, 0, 0);\">* 방문접수 고객은 실물카드 지참하여 방문해 주시길 바랍니다. ※ 카드 분실시 카드사에 결제 당시 카드번호 및 유효년월 개별확인 必</span></p>\n<p style=\"color: rgba(0, 0, 0, 0.8); font-family: NotoSans_Regular, \'\'맑은 고딕\'\', \'\'Malgun Gothic\'\', sans-serif; font-size: 16px; background-color: rgb(253, 250, 247);\"><span style=\"color: rgb(153, 0, 0);\">* 요리, 플라워, 외부, 기타 재료비가 포함된 강좌는 개강 3일전까지 접수 및 취소 가능합니다.</span></p>\n<p style=\"color: rgba(0, 0, 0, 0.8); font-family: NotoSans_Regular, \'\'맑은 고딕\'\', \'\'Malgun Gothic\'\', sans-serif; font-size: 16px; background-color: rgb(253, 250, 247);\"><span style=\"color: rgb(153, 0, 0);\">* 모든 환불은 방문일자 (온라인, 모바일의 경우 문의 일자) 기준으로 환불 처리되며,</span></p>\n<p style=\"color: rgba(0, 0, 0, 0.8); font-family: NotoSans_Regular, \'\'맑은 고딕\'\', \'\'Malgun Gothic\'\', sans-serif; font-size: 16px; background-color: rgb(253, 250, 247);\"><span style=\"color: rgb(153, 0, 0);\">위 강좌(요리, 플라워, 외부, 재료비 포함 강좌) 外 강좌는 개강 1일 전까지 취소 가능합니다.&nbsp;</span></p>\n<p style=\"color: rgba(0, 0, 0, 0.8); font-family: NotoSans_Regular, \'\'맑은 고딕\'\', \'\'Malgun Gothic\'\', sans-serif; font-size: 16px; background-color: rgb(253, 250, 247);\"><span style=\"color: rgb(153, 0, 0);\">※ 수업시작 前이라도 수업당일 환불불가</span></p>\n<p style=\"color: rgba(0, 0, 0, 0.8); font-family: NotoSans_Regular, \'\'맑은 고딕\'\', \'\'Malgun Gothic\'\', sans-serif; font-size: 16px; background-color: rgb(253, 250, 247);\"><span style=\"color: rgb(153, 0, 0);\">* 개강 前 강좌취소 시, 신청된 사은품이 있는 경우 사은품취소 후 강좌취소 부탁드립니다.</span></p>\n<p style=\"color: rgba(0, 0, 0, 0.8); font-family: NotoSans_Regular, \'\'맑은 고딕\'\', \'\'Malgun Gothic\'\', sans-serif; font-size: 16px; background-color: rgb(253, 250, 247);\"><span style=\"font-size: 12pt;\"><br></span></p>\n<p style=\"color: rgba(0, 0, 0, 0.8); font-family: NotoSans_Regular, \'\'맑은 고딕\'\', \'\'Malgun Gothic\'\', sans-serif; font-size: 16px; background-color: rgb(253, 250, 247);\"><span style=\"font-size: 12pt;\"><br></span></p>\n<p style=\"color: rgba(0, 0, 0, 0.8); font-family: NotoSans_Regular, \'\'맑은 고딕\'\', \'\'Malgun Gothic\'\', sans-serif; font-size: 16px; background-color: rgb(253, 250, 247);\"><span style=\"font-size: 12pt;\"><br></span></p>\n<p style=\"color: rgba(0, 0, 0, 0.8); font-family: NotoSans_Regular, \'\'맑은 고딕\'\', \'\'Malgun Gothic\'\', sans-serif; font-size: 16px; background-color: rgb(253, 250, 247);\"><span style=\"color: rgb(255, 255, 255); font-size: 12pt; background-color: rgb(255, 0, 0);\"><span style=\"font-weight: bold;\">필독사항</span></span></p>\n<p style=\"color: rgba(0, 0, 0, 0.8); font-family: NotoSans_Regular, \'\'맑은 고딕\'\', \'\'Malgun Gothic\'\', sans-serif; font-size: 16px; background-color: rgb(253, 250, 247);\"><span style=\"font-size: 12pt;\"><br></span></p>\n<p align=\"left\" style=\"font-family: NotoSans_Regular, \'\'맑은 고딕\'\', \'\'Malgun Gothic\'\', sans-serif; color: rgb(102, 102, 102); font-size: 14px; background-color: rgb(255, 255, 255);\"><span style=\"font-size: 12pt;\"><span style=\"color: rgb(0, 0, 0); font-size: 12pt;\">*&nbsp;문화센터&nbsp;개강 / 폐강 / 휴강 / 준비물 / 보강 등의 안내는</span>&nbsp;<span style=\"color: rgb(153, 0, 0); font-size: 12pt; background-color: rgb(244, 204, 204);\"></span></span><span style=\"font-size: 12pt;\"><span style=\"color: rgb(153, 0, 0); font-size: 12pt;\">L.Point 회원 정보를 기반으로 연락</span></span><span style=\"font-size: 12pt;\"><span style=\"color: rgb(0, 0, 0); font-size: 12pt;\">을&nbsp;드리고&nbsp;있습니다.</span></span></p>\n<p align=\"left\" style=\"font-family: NotoSans_Regular, \'\'맑은 고딕\'\', \'\'Malgun Gothic\'\', sans-serif; color: rgb(102, 102, 102); font-size: 14px; background-color: rgb(255, 255, 255);\"><span style=\"font-size: 12pt;\">&nbsp;&nbsp;</span><span style=\"font-size: 12pt; color: rgb(0, 0, 0);\">&nbsp;연락처&nbsp;변경&nbsp;시 반드시 회원정보를 수정해주시길 바라며, SMS 수신거부&nbsp;시 안내가 누락될 수 있으니 이점 참고하시길 바랍니다.</span></p>\n<p align=\"left\" style=\"font-family: NotoSans_Regular, \'\'맑은 고딕\'\', \'\'Malgun Gothic\'\', sans-serif; color: rgb(102, 102, 102); font-size: 14px; background-color: rgb(255, 255, 255);\"><span style=\"font-size: 12pt;\">&nbsp;&nbsp;<span style=\"font-size: 12pt;\">&nbsp;</span><span style=\"color: rgb(153, 0, 0); font-size: 12pt; background-color: rgb(244, 204, 204);\"></span></span><span style=\"font-size: 12pt;\"><span style=\"color: rgb(153, 0, 0); font-size: 12pt;\">※<span style=\"font-size: 12pt;\">&nbsp;</span></span><span style=\"color: rgb(153, 0, 0); font-size: 12pt;\">연락처 오등록 및&nbsp;수신거부로&nbsp;인한&nbsp;불이익은 문화센터에서 책임지지 않습니다.</span></span></p>\n<p align=\"left\" style=\"font-family: NotoSans_Regular, \'\'맑은 고딕\'\', \'\'Malgun Gothic\'\', sans-serif; color: rgb(102, 102, 102); font-size: 14px; background-color: rgb(255, 255, 255);\"><span style=\"color: rgb(0, 0, 0); font-size: 12pt;\">&nbsp;* 데스크 전화 연결이 원활하지 않은 경우, 홈페이지 1:1 게시판에 문의글 남겨주시면 신속히&nbsp;처리해 드리겠습니다.</span></p>\n<p align=\"left\" style=\"font-family: NotoSans_Regular, \'\'맑은 고딕\'\', \'\'Malgun Gothic\'\', sans-serif; color: rgb(102, 102, 102); font-size: 14px; background-color: rgb(255, 255, 255);\"><span style=\"color: rgb(0, 0, 0); font-size: 12pt;\">&nbsp;* 법정공휴일은&nbsp;문화센터 휴관일입니다. (법정공휴일 강의 회차에서 제외 / 별도 보강 없음)</span><span style=\"background-color: rgb(253, 250, 247); color: rgba(0, 0, 0, 0.8); font-size: 14pt;\"><span style=\"font-size: 7.5pt;\"><span style=\"font-size: 9pt;\"></span></span></span></p>\n<p style=\"color: rgba(0, 0, 0, 0.8); font-family: NotoSans_Regular, \'\'맑은 고딕\'\', \'\'Malgun Gothic\'\', sans-serif; font-size: 16px; background-color: rgb(253, 250, 247);\"><span style=\"font-size: 12pt;\">&nbsp;</span></p>\n<div><span style=\"font-size: 12pt;\"><br></span></div></div>','2024-04-22 14:47:44','공지사항'),(4,2,1,'24년 여름학기 수강후기 이벤트 안내','<div class=\"txt\">\n								<p style=\"font-size: 13.3333px; text-align: center;\"><img src=\"https://culture.lotteshopping.com/editor/images/000058/7IiY6rCV7ZuE6riwIOydtOuypO2KuCDrsLDrhIhfUENf6rO17KeA6riA.jpg\" title=\"\" alt=\"\" class=\"\" style=\"border-width: 0px; border-style: solid; border-color: rgb(0, 0, 0); vertical-align: baseline; width: 406px; height: 228px;\"></p>\n<p style=\"font-size: 13.3333px; text-align: center;\"><span style=\"font-size: 14pt; font-weight: bold;\"><br></span></p>\n<p style=\"font-size: 13.3333px; text-align: center;\"><span style=\"font-size: 14pt; font-weight: bold;\">문화센터 여름학기&nbsp;수강후기 이벤트</span></p>\n<p style=\"font-size: 13.3333px; text-align: center;\"><br></p>\n<p style=\"font-size: 13.3333px; text-align: center;\">전국의 문화센터 회원들에게</p>\n<p style=\"font-size: 13.3333px; text-align: center;\">생생한 수강후기를 들려주세요!</p>\n<p style=\"font-size: 13.3333px; text-align: center;\"><br></p>\n<p style=\"font-size: 13.3333px; text-align: center;\"><span style=\"font-size: 12pt;\">매학기&nbsp;가장 흡입력 있고 정보가 가득한</span></p>\n<p style=\"font-size: 13.3333px; text-align: center;\"><span style=\"font-size: 12pt;\">수강후기 10개를 선정하여</span></p>\n<p style=\"font-size: 13.3333px; text-align: center;\"><span style=\"color: rgb(69, 129, 142); font-size: 16px;\">가을학기 접수시에 사용 가능한</span></p>\n<p style=\"font-size: 13.3333px; text-align: center;\"><span style=\"font-size: 12pt; text-decoration-line: underline; font-weight: bold;\"><span style=\"color: rgb(69, 129, 142);\">문화센터 수강료 1만원권 쿠폰을</span></span><span style=\"font-size: 12pt;\">&nbsp;드립니다.</span></p>\n<p style=\"font-size: 13.3333px; text-align: center;\"><br></p>\n<p style=\"font-size: 13.3333px; text-align: center;\"><span style=\"font-size: 12pt;\">에누리쿠폰 외에도 모든 수강후기 작성고객에게</span></p>\n<p style=\"font-size: 13.3333px; text-align: center;\"><span style=\"font-size: 12pt;\">지급되는&nbsp;L.Point&nbsp;리워드도 놓치지마세요!</span></p>\n<p style=\"font-size: 13.3333px; text-align: center;\"><span style=\"font-size: 12pt; color: rgb(61, 133, 198); font-weight: bold;\">(기본&nbsp;L.Point&nbsp;50p, 사진첨부시 150p)</span></p>\n<p style=\"font-size: 13.3333px; text-align: center;\"><br></p>\n<p style=\"font-size: 13.3333px; text-align: center;\"><span style=\"font-weight: bold;\"><br></span></p>\n<p style=\"line-height: 24px; font-size: 13.3333px; text-align: center;\"><span style=\"font-weight: bold; color: rgb(142, 124, 195); font-size: 14pt;\">[여름학기&nbsp;수강후기 이벤트]</span></p>\n<p style=\"line-height: 24px; font-size: 13.3333px; text-align: center;\"><span style=\"font-size: 12pt;\">대상 : 24년 6월 1일 ~&nbsp;7월 17일 사이 작성된 후기</span></p>\n<p style=\"line-height: 24px; font-size: 13.3333px; text-align: center;\"><span style=\"font-size: 10pt;\">※ 강의기간이 종료된 이후부터 후기작성 가능</span></p>\n<p style=\"line-height: 24px; font-size: 13.3333px; text-align: center;\"><span style=\"font-size: 12pt;\">발표 : 24년 7월 22일 당첨자 개별안내 예정</span></p>\n<p style=\"line-height: 24px; font-size: 13.3333px; text-align: center;\"><span style=\"font-size: 12pt;\"><br></span></p>\n<p style=\"font-size: 13.3333px; text-align: center;\"><span style=\"font-size: 12pt;\"><br></span></p>\n<p style=\"font-size: 13.3333px; text-align: center;\"><span style=\"font-weight: bold;\">[세부조건]</span></p>\n<p style=\"font-size: 13.3333px; text-align: center;\">- 쿠폰소지자 1인 1강좌&nbsp;한</p>\n<p style=\"font-size: 13.3333px; text-align: center;\">- 정기/단기/특강 구분없이 사용가능</p>\n<p style=\"font-size: 13.3333px; text-align: center;\">- 재료비에는 적용 불가</p>\n<p style=\"font-size: 13.3333px; text-align: center;\">- 문화센터 할인과 중복하여 사용 가능</p>\n<p style=\"font-size: 13.3333px; text-align: center;\">- 무료취소기한 이후 환불시 쿠폰재발급 불가</p>\n<p style=\"font-size: 13.3333px; text-align: center;\">- 쿠폰금액이 수강료보다 클 경우 차액반환 불가</p></div>','2024-07-09 14:49:46','이벤트'),(5,1,1,'공지사항 테스트_잠실_1','공지사항 테스트_잠실_1_내용','2024-07-09 15:15:02','공지사항'),(6,1,0,'공지사항 테스트_잠실_2','공지사항 테스트_잠실_2_내용','2024-07-09 15:15:18','공지사항'),(7,1,1,'이벤트 테스트_잠실_1','이벤트 테스트_잠실_1 내용','2024-07-09 15:15:33','이벤트'),(8,1,0,'이벤트 테스트_잠실_2','이벤트 테스트_잠실_2 내용','2024-07-09 15:16:13','이벤트'),(9,2,0,'공지사항_테스트_본점_1','공지사항_테스트_본점_1 내용','2024-07-09 15:17:24','공지사항'),(10,2,0,'공지사항_테스트_본점_2','공지사항_테스트_본점_2','2024-07-09 15:18:01','공지사항'),(11,2,0,'이벤트_테스트_본점_1','이벤트_테스트_본점_1 내용','2024-07-09 15:18:45','이벤트'),(12,3,0,'공지사항 테스트 강남','공지사항 테스트 강남 내용','2024-07-09 15:22:46','공지사항'),(13,5,0,'공지사항 테스트 인천','공지사항 테스트 인천 내용','2024-07-09 15:23:04','공지사항'),(14,6,0,'국가유공자·상이군경 및 전몰군경의 유가족은 법률이 정하는 바에 의하여 우선적으로 근로의 기회를 부여받는다.','이 헌법중 공무원의 임기 또는 중임제한에 관한 규정은 이 헌법에 의하여 그 공무원이 최초로 선출 또는 임명된 때로부터 적용한다.\n\n국가는 여자의 복지와 권익의 향상을 위하여 노력하여야 한다.\n\n대통령은 전시·사변 또는 이에 준하는 국가비상사태에 있어서 병력으로써 군사상의 필요에 응하거나 공공의 안녕질서를 유지할 필요가 있을 때에는 법률이 정하는 바에 의하여 계엄을 선포할 수 있다.\n\n누구든지 체포 또는 구속의 이유와 변호인의 조력을 받을 권리가 있음을 고지받지 아니하고는 체포 또는 구속을 당하지 아니한다. 체포 또는 구속을 당한 자의 가족등 법률이 정하는 자에게는 그 이유와 일시·장소가 지체없이 통지되어야 한다.\n\n대통령은 국무총리·국무위원·행정각부의 장 기타 법률이 정하는 공사의 직을 겸할 수 없다.\n\n헌법재판소 재판관은 정당에 가입하거나 정치에 관여할 수 없다.\n\n정당의 목적이나 활동이 민주적 기본질서에 위배될 때에는 정부는 헌법재판소에 그 해산을 제소할 수 있고, 정당은 헌법재판소의 심판에 의하여 해산된다.\n\n이 헌법시행 당시의 법령과 조약은 이 헌법에 위배되지 아니하는 한 그 효력을 지속한다.\n\n법률은 특별한 규정이 없는 한 공포한 날로부터 20일을 경과함으로써 효력을 발생한다.\n\n일반사면을 명하려면 국회의 동의를 얻어야 한다. 피고인의 자백이 고문·폭행·협박·구속의 부당한 장기화 또는 기망 기타의 방법에 의하여 자의로 진술된 것이 아니라고 인정될 때 또는 정식재판에 있어서 피고인의 자백이 그에게 불리한 유일한 증거일 때에는 이를 유죄의 증거로 삼거나 이를 이유로 처벌할 수 없다.','2024-07-09 15:24:11','공지사항'),(15,9,0,'Lorem ipsum dolor sit amet, consectetur adipiscing elit.','Expediunt fana efflorescere mala emolumento nostros segnitiae nostram. Desperantes equidem subtilius que turma. Nocet fruitur expetitur dominos atomi habeatur accusata coerceri sicut frequenter. Intellegitur bono gravioribus omnino deterret perspicuum erigimur vetuit. Inveniri hostem vester probarent pugnantibus status class ancillae, praeclara.\n\nInvenire dolores faciam suscepi nosque, existunt, laboribus democrito urbanitas. Nosmet carere defuturum ignota grate isdem. Curis infinitum quanti ego emolumenti. Facultas tranquillae infanti, cohaerescent plerisque stoicis. Eget ingenii artifex, exercitumque spe patiatur fabulas latinas gravissimis amet. Declinabunt appellantur probabo munere affectus degendae, remotis. Volunt reperiri, eruditus se doloribus omnem illi quibusdam.','2024-07-09 15:25:52','공지사항');
/*!40000 ALTER TABLE `noti_event` ENABLE KEYS */;
UNLOCK TABLES;

--
-- Table structure for table `personalqna`
--

DROP TABLE IF EXISTS `personalqna`;
/*!40101 SET @saved_cs_client     = @@character_set_client */;
/*!50503 SET character_set_client = utf8mb4 */;
CREATE TABLE `personalqna` (
  `bid` int NOT NULL AUTO_INCREMENT,
  `user_id` varchar(30) NOT NULL,
  `type` varchar(10) NOT NULL,
  `loc_id` int NOT NULL,
  `title` varchar(200) NOT NULL,
  `content` varchar(5000) NOT NULL,
  `status` varchar(10) NOT NULL DEFAULT '접수중',
  `reg_date` datetime NOT NULL,
  `answer` varchar(5000) DEFAULT NULL,
  PRIMARY KEY (`bid`),
  KEY `fk_personalQnA_loc_id` (`loc_id`),
  CONSTRAINT `fk_personalQnA_loc_id` FOREIGN KEY (`loc_id`) REFERENCES `location` (`loc_id`)
) ENGINE=InnoDB AUTO_INCREMENT=5 DEFAULT CHARSET=utf8mb4 COLLATE=utf8mb4_0900_ai_ci;
/*!40101 SET character_set_client = @saved_cs_client */;

--
-- Dumping data for table `personalqna`
--

LOCK TABLES `personalqna` WRITE;
/*!40000 ALTER TABLE `personalqna` DISABLE KEYS */;
INSERT INTO `personalqna` VALUES (1,'test_soo','회원가입',1,'테스트','테스트\n\n테스트\n\n테스트','답변완료','2024-07-16 15:17:33','답변 테스트'),(2,'test_soo','수강신청',3,'답변 테스트용','답변 테스트용','답변완료','2024-07-16 16:16:17','관리자단에서\n답변달기 테스트'),(3,'test_soo','환불/취소',7,'테스트','ㅁㄴㅁㄴㅇ림ㄴ어리ㅓ;ㅣㅁㄴ\n\nㅁㄴ얾;ㅣㄴㅇ러ㅏ\nㅁㄴ이ㅏ럼ㄴ;이러ㅣ;ㅁㄴ\n\n\nㅁ닝러ㅣㅁ나러ㅣㅏㄴ멍라ㅣ','접수중','2024-07-16 16:22:54',NULL),(4,'test_soo','수강신청',1,'1:1문의 테스트~~~~~','1:1문의 테스트~~~~~\n1:1문의 테스트~~~~~\n1:1문의 테스트~~~~~\n1:1문의 테스트~~~~~\n1:1문의 테스트~~~~~\n1:1문의 테스트~~~~~\n1:1문의 테스트~~~~~','답변완료','2024-07-16 16:24:15','관리자단에서\n답변달기 테스트\n\n관리자단에서\n답변달기 테스트\n관리자단에서\n답변달기 테스트\n관리자단에서\n답변달기 테스트\n\n\n관리자단에서\n답변달기 테스트관리자단에서\n답변달기 테스트');
/*!40000 ALTER TABLE `personalqna` ENABLE KEYS */;
UNLOCK TABLES;

--
-- Table structure for table `qna`
--

DROP TABLE IF EXISTS `qna`;
/*!40101 SET @saved_cs_client     = @@character_set_client */;
/*!50503 SET character_set_client = utf8mb4 */;
CREATE TABLE `qna` (
  `bid` int NOT NULL AUTO_INCREMENT,
  `type` varchar(15) NOT NULL,
  `title` varchar(200) NOT NULL,
  `content` varchar(5000) NOT NULL,
  `reg_date` datetime NOT NULL,
  PRIMARY KEY (`bid`)
) ENGINE=InnoDB AUTO_INCREMENT=28 DEFAULT CHARSET=utf8mb4 COLLATE=utf8mb4_0900_ai_ci;
/*!40101 SET character_set_client = @saved_cs_client */;

--
-- Dumping data for table `qna`
--

LOCK TABLES `qna` WRITE;
/*!40000 ALTER TABLE `qna` DISABLE KEYS */;
INSERT INTO `qna` VALUES (1,'회원가입','인터넷 회원가입을 하려고 하는데 L.POINT가입을 꼭 해야하나요?','롯데문화센터는 롯데그룹 통합 회원제인 L.POINT 제휴 사이트로 L.POINT에서 회원가입을 하셔야 하며, L.POINT에 등록된 ID와 비밀번호로 이용할 수 있습니다.','2024-07-04 16:50:21'),(2,'회원가입','L.POINT 회원 가입이 안되어 있는데 문화센터 수강신청을 할 수 없나요?','만 14세 이상의 경우 L.POINT 회원 가입은 필수 사항이며 반드시 본인이 직접 가입하셔야 합니다. 만 14세 미만의 자녀는 보호자가 마이페이지에서 자녀회원으로 추가하여 수강 신청할 수 있습니다.','2024-07-04 16:51:29'),(3,'회원가입','회원가입 시 이용가능한 기능은 무엇인가요?','회원가입 시 강좌검색, 수강신청, 결제, 수강후기 작성, 1:1 문의 등 다양한 기능을 이용하실 수 있습니다.','2024-07-04 16:52:17'),(4,'회원가입','로그인 오류 시 어떻게 대처해야하나요?','로그인 오류 시 이용하시는 점포의 데스크로 문의해주시기 바랍니다. 로그인 오류 화면 내 표기되는 오류코드를 확인해주시면 조금 더 원활한 해결이 가능합니다.','2024-07-04 16:52:48'),(5,'회원가입','회원탈퇴는 어떻게 하나요?','로그인 후 마이페이지 > 이름 클릭 > 하단에 \'롯데백화점 문화센터 탈퇴하기\'를 누르시면 탈퇴하실 수 있습니다.','2024-07-04 16:53:50'),(6,'회원가입','개인정보 및 비밀번호는 어떻게 변경하나요?','로그인 후 마이페이지 > 이름 클릭 > \'회원정보 변경\' 버튼을 누르시면 연결되는 L.POINT 회원정보변경 화면에서 변경 가능합니다.','2024-07-04 16:54:30'),(7,'수강신청ㆍ취소','2인강좌를 신청하려고 하는데 보호자랑 아기랑 각각 등록해야하나요?','2인강좌의 경우 실수강자를 수강할 자녀로 설정하고 기재된 수강료만 결제해주시면 \'보호자1인 + 자녀1인\' 수강 가능합니다.','2024-07-04 17:01:28'),(8,'수강신청ㆍ취소','수강신청을 했는데 수강내역에서 조회가 안돼요.','PC 또는 모바일로 결제 시 오류가 발생하여 카드승인은 되었으나 수강내역 확인이 안되는 경우가 있습니다. 1:1 문의 또는 해당 점 문화센터로 연락주시면 도와드리겠습니다.','2024-07-04 17:01:49'),(9,'수강신청ㆍ취소','수강신청 기간은 어떻게 되나요?','일반적으로 수강신청은 매년 1/4/7/10월 4주차경 봄/여름/가을/겨울학기 접수가 시작됩니다. 학기별, 기존ㆍ신규회원별로 날짜가 상이하오니 미리 롯데문화센터 홈페이지 공지사항 확인 또는 해당 점에 접수 일정을 문의바랍니다.','2024-07-04 17:02:33'),(10,'수강신청ㆍ취소','수강신청 내역과 취소 내역은 어디서 볼 수 있나요?','로그인 후 마이페이지 > 이름 클릭 > \'수강내역\' 버튼을 누르시면 확인하실 수 있습니다.','2024-07-04 17:03:20'),(11,'수강신청ㆍ취소','방문접수도 가능한가요?','방문접수는 해당 점 문화센터 데스크에서 운영시간 내에 방문 시 가능합니다. 문화센터 데스크 운영시간은 점별 상이하며 해당 점 문의를 통해 확인해주시길 바랍니다.','2024-07-04 17:03:40'),(12,'수강신청ㆍ취소','수강료는 몇 명이 듣는 기준인가요?','강좌상세-대상구분에 따라 1인강좌는 1명 기준, 2인강좌는 보호자 1명+자녀 1명 기준입니다.','2024-07-04 17:04:03'),(13,'수강신청ㆍ취소','결제수단이 어떻게 되나요? 상품권 결제도 가능한가요?','데스크 결제는 현금, 카드, 상품권으로 가능하며 온라인에서는 카드 및 L.POINT로 결제할 수 있습니다.','2024-07-04 17:04:20'),(14,'수강신청ㆍ취소','취소 및 환불 규정은 어디서 확인할 수 있나요?','수강신청 > 수강신청ㆍ변경ㆍ취소안내 > 수강변경ㆍ취소안내 메뉴에서 자세한 내용을 확인할 수 있습니다.','2024-07-04 17:04:42'),(15,'수강신청ㆍ취소','기존회원의 기준은 무엇인가요?','기존회원이란 직전 학기 정기강좌를 전체 수강한 회원을 의미하며, 강좌를 중도접수했거나 중도취소한 경우에는 제외됩니다.','2024-07-04 17:04:56'),(16,'강좌ㆍ강사','수강후기는 어떻게 작성하나요?','수강기간이 종료된 후 마이페이지 > 수강후기 메뉴에서 작성할 수 있습니다.','2024-07-04 17:07:29'),(17,'강좌ㆍ강사','강의를 진행하고 싶은데 강좌 개설을 하려면 어떤 절차가 필요한가요?','로그인 후 이용안내 > 강사지원ㆍ제휴신청 메뉴에서 강사로 지원할 수 있습니다. 필요한 정보를 작성 후 제출해주시면 관심 지점에서 검토 후 연락드리며, 이후 강의기획 등 협의를 통해 강의를 개설할 수 있습니다.','2024-07-04 17:08:04'),(18,'강좌ㆍ강사','강좌가 휴강될 수도 있나요? 휴강 시 보강이 이루어지나요?','강사의 불가피한 사유 또는 천재지변 등의 상황에 따라 휴강될 수 있으며 휴강 시 보강이 이루어집니다. 보강이 어려운 경우 해당 수업은 회당 수강료로 환불해드립니다.','2024-07-04 17:08:35'),(19,'강좌ㆍ강사','강사님 연락처를 알려주실 수 있나요?','개인정보 보호법에 따라 강사님의 연락처는 공개해드릴 수 없으나, 문화센터 데스크를 통하여 문의사항을 말씀해주시면 직원이 강사님과 통화 후 안내드리겠습니다.','2024-07-04 17:08:58'),(20,'지점ㆍ홈페이지','문화센터 회원 주차는 어떻게 지원되나요?','수업 1일전까지 마이페이지 > 이름 클릭 > 차량번호 등록 시 수업 당일에 자동으로 등록됩니다. 1강좌 진행 시 3시간 제공, 강의시간 2시간 30분 초과 시 강의시간+1시간이 제공됩니다. 단, 잠실/포항/상인/건대스타시티/마산점은 자동등록이 적용되지 않으므로 지점에 문의해주시길 바랍니다.','2024-07-04 17:10:33'),(21,'지점ㆍ홈페이지','지점별 연락처는 어떻게 확인하나요?','이용안내 > 지점안내 메뉴에서 해당 점을 선택하시면 확인하실 수 있습니다.','2024-07-04 17:11:16'),(22,'지점ㆍ홈페이지','강좌검색은 어떻게하나요?','수강신청 > 강좌검색 메뉴에서 지점별 또는 카테고리별로 조회할 수 있으며 \'상세검색\'을 활용하면 요일, 시간대, 수강료 등 더욱 상세하게 검색하실 수 있습니다.','2024-07-04 17:12:47'),(23,'기타','문화센터 수강 결제건에 대해서 연말정산을 받고 싶은데 증빙자료로 활용이 가능한가요?','문화센터는 평생교육법에 의거하여 운영되는 평생교육시설로 학원법에 의거한 학교, 기타 학원시설과 다르게 연말정산 시 증빙자료로 활용이 불가합니다.','2024-07-04 17:13:48'),(24,'기타','전화로 수강신청을 할 수 있나요?','수강신청은 롯데문화센터 홈페이지 또는 문화센터 데스크에서만 가능하며 유선상으로는 불가능합니다.','2024-07-04 17:14:15'),(25,'기타','마케팅 수신 미동의자는 카카오 알림톡이 안오나요?','개강 알림, 준비물 알림과 같은 정보성 알림의 경우 마케팅 수신 동의와 상관없이 카카오 알림톡을 받아보실 수 있습니다.','2024-07-04 17:14:43'),(26,'기타','자녀 등 가족 추가, 동반 수강자 추가는 어떻게 하나요?','만 14세 미만의 자녀는 보호자가 마이페이지에서 자녀회원으로 추가하여 수강 신청할수 있습니다. 만 14세 이상의 경우 동반 수강자가 별도 L.POINT 회원 가입 및 롯데문화센터 회원 가입 후 데스크에서 방문하시면 본인 확인 후 등록해드립니다.','2024-07-04 17:15:04'),(27,'기타','L.POINT 사용/적립/환불 기준이 어떻게 되나요?','L.POINT 사용은 온라인 접수 시 가능합니다. L.POINT 적립은 L.POINT 외 결제수단으로 접수 시 일괄 0.1% 적립됩니다. 여러 강좌 복합결제 후 환불 시에는 L.POINT가 우선 환불됩니다.','2024-07-04 17:15:25');
/*!40000 ALTER TABLE `qna` ENABLE KEYS */;
UNLOCK TABLES;
/*!40103 SET TIME_ZONE=@OLD_TIME_ZONE */;

/*!40101 SET SQL_MODE=@OLD_SQL_MODE */;
/*!40014 SET FOREIGN_KEY_CHECKS=@OLD_FOREIGN_KEY_CHECKS */;
/*!40014 SET UNIQUE_CHECKS=@OLD_UNIQUE_CHECKS */;
/*!40101 SET CHARACTER_SET_CLIENT=@OLD_CHARACTER_SET_CLIENT */;
/*!40101 SET CHARACTER_SET_RESULTS=@OLD_CHARACTER_SET_RESULTS */;
/*!40101 SET COLLATION_CONNECTION=@OLD_COLLATION_CONNECTION */;
/*!40111 SET SQL_NOTES=@OLD_SQL_NOTES */;

-- Dump completed on 2024-07-18 15:24:50
